,fname1,fname2,nsteps1,nsteps2,alphas1,alphas2,betas1,betas2,levels1,levels2,nnodes_network1,nnodes_network2,nleaves_network1,nleaves_network2,ntransfers_network1,ntransfers_network2,distance,runtime
0,fixed_n_fig_network_n10_alpha0.3_beta0.01_0.gr,fixed_n_fig_network_n10_alpha0.3_beta0.01_0.gr,10,10,0.3,0.3,0.01,0.01,3,3,23,23,8,8,4,4,0,0.0013523101806640625
1,fixed_n_fig_network_n10_alpha0.3_beta0.01_1.gr,fixed_n_fig_network_n10_alpha0.3_beta0.01_1.gr,10,10,0.3,0.3,0.01,0.01,1,1,23,23,11,11,1,1,0,0.0011785030364990234
2,fixed_n_fig_network_n10_alpha0.3_beta0.01_2.gr,fixed_n_fig_network_n10_alpha0.3_beta0.01_2.gr,10,10,0.3,0.3,0.01,0.01,1,1,23,23,9,9,3,3,0,0.0010869503021240234
3,fixed_n_fig_network_n10_alpha0.3_beta0.01_2.gr,fixed_n_fig_network_n10_alpha0.3_beta0.01_4.gr,10,10,0.3,0.3,0.01,0.01,1,1,23,23,9,9,3,3,18,0.0010061264038085938
4,fixed_n_fig_network_n10_alpha0.3_beta0.01_3.gr,fixed_n_fig_network_n10_alpha0.3_beta0.01_3.gr,10,10,0.3,0.3,0.01,0.01,1,1,23,23,10,10,2,2,0,0.0010113716125488281
5,fixed_n_fig_network_n10_alpha0.3_beta0.01_4.gr,fixed_n_fig_network_n10_alpha0.3_beta0.01_2.gr,10,10,0.3,0.3,0.01,0.01,1,1,23,23,9,9,3,3,18,0.0012710094451904297
6,fixed_n_fig_network_n10_alpha0.3_beta0.01_4.gr,fixed_n_fig_network_n10_alpha0.3_beta0.01_4.gr,10,10,0.3,0.3,0.01,0.01,1,1,23,23,9,9,3,3,0,0.0011701583862304688
7,fixed_n_fig_network_n10_alpha0.3_beta0.05_0.gr,fixed_n_fig_network_n10_alpha0.3_beta0.05_0.gr,10,10,0.3,0.3,0.05,0.05,6,6,23,23,5,5,7,7,0,0.0012755393981933594
8,fixed_n_fig_network_n10_alpha0.3_beta0.05_1.gr,fixed_n_fig_network_n10_alpha0.3_beta0.05_1.gr,10,10,0.3,0.3,0.05,0.05,2,2,23,23,10,10,2,2,0,0.0013484954833984375
9,fixed_n_fig_network_n10_alpha0.3_beta0.05_2.gr,fixed_n_fig_network_n10_alpha0.3_beta0.05_2.gr,10,10,0.3,0.3,0.05,0.05,4,4,23,23,8,8,4,4,0,0.0012798309326171875
10,fixed_n_fig_network_n10_alpha0.3_beta0.05_2.gr,fixed_n_fig_network_n10_alpha0.3_beta0.05_3.gr,10,10,0.3,0.3,0.05,0.05,4,2,23,23,8,8,4,4,20,0.001077413558959961
11,fixed_n_fig_network_n10_alpha0.3_beta0.05_3.gr,fixed_n_fig_network_n10_alpha0.3_beta0.05_2.gr,10,10,0.3,0.3,0.05,0.05,2,4,23,23,8,8,4,4,20,0.0011172294616699219
12,fixed_n_fig_network_n10_alpha0.3_beta0.05_3.gr,fixed_n_fig_network_n10_alpha0.3_beta0.05_3.gr,10,10,0.3,0.3,0.05,0.05,2,2,23,23,8,8,4,4,0,0.002269268035888672
13,fixed_n_fig_network_n10_alpha0.3_beta0.05_4.gr,fixed_n_fig_network_n10_alpha0.3_beta0.05_4.gr,10,10,0.3,0.3,0.05,0.05,1,1,23,23,11,11,1,1,0,0.001333475112915039
14,fixed_n_fig_network_n10_alpha0.3_beta0.25_0.gr,fixed_n_fig_network_n10_alpha0.3_beta0.25_0.gr,10,10,0.3,0.3,0.25,0.25,1,1,23,23,11,11,1,1,0,0.0013892650604248047
15,fixed_n_fig_network_n10_alpha0.3_beta0.25_1.gr,fixed_n_fig_network_n10_alpha0.3_beta0.25_1.gr,10,10,0.3,0.3,0.25,0.25,2,2,23,23,9,9,3,3,0,0.0012950897216796875
16,fixed_n_fig_network_n10_alpha0.3_beta0.25_1.gr,fixed_n_fig_network_n10_alpha0.3_beta0.25_2.gr,10,10,0.3,0.3,0.25,0.25,2,3,23,23,9,9,3,3,16,0.0011515617370605469
17,fixed_n_fig_network_n10_alpha0.3_beta0.25_2.gr,fixed_n_fig_network_n10_alpha0.3_beta0.25_1.gr,10,10,0.3,0.3,0.25,0.25,3,2,23,23,9,9,3,3,16,0.0010449886322021484
18,fixed_n_fig_network_n10_alpha0.3_beta0.25_2.gr,fixed_n_fig_network_n10_alpha0.3_beta0.25_2.gr,10,10,0.3,0.3,0.25,0.25,3,3,23,23,9,9,3,3,0,0.000993967056274414
19,fixed_n_fig_network_n10_alpha0.3_beta0.25_3.gr,fixed_n_fig_network_n10_alpha0.3_beta0.25_3.gr,10,10,0.3,0.3,0.25,0.25,2,2,23,23,10,10,2,2,0,0.002097606658935547
20,fixed_n_fig_network_n10_alpha0.3_beta0.25_3.gr,fixed_n_fig_network_n10_alpha0.3_beta0.25_4.gr,10,10,0.3,0.3,0.25,0.25,2,1,23,23,10,10,2,2,18,0.0015056133270263672
21,fixed_n_fig_network_n10_alpha0.3_beta0.25_4.gr,fixed_n_fig_network_n10_alpha0.3_beta0.25_3.gr,10,10,0.3,0.3,0.25,0.25,1,2,23,23,10,10,2,2,18,0.0013210773468017578
22,fixed_n_fig_network_n10_alpha0.3_beta0.25_4.gr,fixed_n_fig_network_n10_alpha0.3_beta0.25_4.gr,10,10,0.3,0.3,0.25,0.25,1,1,23,23,10,10,2,2,0,0.001298666000366211
23,fixed_n_fig_network_n10_alpha0.3_beta1.25_0.gr,fixed_n_fig_network_n10_alpha0.3_beta1.25_0.gr,10,10,0.3,0.3,1.25,1.25,3,3,23,23,9,9,3,3,0,0.0012607574462890625
24,fixed_n_fig_network_n10_alpha0.3_beta1.25_1.gr,fixed_n_fig_network_n10_alpha0.3_beta1.25_1.gr,10,10,0.3,0.3,1.25,1.25,1,1,23,23,11,11,1,1,0,0.0010848045349121094
25,fixed_n_fig_network_n10_alpha0.3_beta1.25_2.gr,fixed_n_fig_network_n10_alpha0.3_beta1.25_2.gr,10,10,0.3,0.3,1.25,1.25,4,4,23,23,8,8,4,4,0,0.0010547637939453125
26,fixed_n_fig_network_n10_alpha0.3_beta1.25_3.gr,fixed_n_fig_network_n10_alpha0.3_beta1.25_3.gr,10,10,0.3,0.3,1.25,1.25,5,5,23,23,7,7,5,5,0,0.0018787384033203125
27,fixed_n_fig_network_n10_alpha0.3_beta1.25_3.gr,fixed_n_fig_network_n10_alpha0.3_beta1.25_4.gr,10,10,0.3,0.3,1.25,1.25,5,5,23,23,7,7,5,5,12,0.0012774467468261719
28,fixed_n_fig_network_n10_alpha0.3_beta1.25_4.gr,fixed_n_fig_network_n10_alpha0.3_beta1.25_3.gr,10,10,0.3,0.3,1.25,1.25,5,5,23,23,7,7,5,5,12,0.0013949871063232422
29,fixed_n_fig_network_n10_alpha0.3_beta1.25_4.gr,fixed_n_fig_network_n10_alpha0.3_beta1.25_4.gr,10,10,0.3,0.3,1.25,1.25,5,5,23,23,7,7,5,5,0,0.0011658668518066406
30,fixed_n_fig_network_n10_alpha0.4_beta0.01_0.gr,fixed_n_fig_network_n10_alpha0.4_beta0.01_0.gr,10,10,0.4,0.4,0.01,0.01,2,2,23,23,8,8,4,4,0,0.0010805130004882812
31,fixed_n_fig_network_n10_alpha0.4_beta0.01_0.gr,fixed_n_fig_network_n10_alpha0.4_beta0.01_1.gr,10,10,0.4,0.4,0.01,0.01,2,2,23,23,8,8,4,4,20,0.001070261001586914
32,fixed_n_fig_network_n10_alpha0.4_beta0.01_1.gr,fixed_n_fig_network_n10_alpha0.4_beta0.01_0.gr,10,10,0.4,0.4,0.01,0.01,2,2,23,23,8,8,4,4,20,0.0020868778228759766
33,fixed_n_fig_network_n10_alpha0.4_beta0.01_1.gr,fixed_n_fig_network_n10_alpha0.4_beta0.01_1.gr,10,10,0.4,0.4,0.01,0.01,2,2,23,23,8,8,4,4,0,0.0016269683837890625
34,fixed_n_fig_network_n10_alpha0.4_beta0.01_2.gr,fixed_n_fig_network_n10_alpha0.4_beta0.01_2.gr,10,10,0.4,0.4,0.01,0.01,1,1,23,23,10,10,2,2,0,0.0013763904571533203
35,fixed_n_fig_network_n10_alpha0.4_beta0.01_2.gr,fixed_n_fig_network_n10_alpha0.4_beta0.01_4.gr,10,10,0.4,0.4,0.01,0.01,1,1,23,23,10,10,2,2,19,0.0012943744659423828
36,fixed_n_fig_network_n10_alpha0.4_beta0.01_3.gr,fixed_n_fig_network_n10_alpha0.4_beta0.01_3.gr,10,10,0.4,0.4,0.01,0.01,2,2,23,23,7,7,5,5,0,0.0011165142059326172
37,fixed_n_fig_network_n10_alpha0.4_beta0.01_4.gr,fixed_n_fig_network_n10_alpha0.4_beta0.01_2.gr,10,10,0.4,0.4,0.01,0.01,1,1,23,23,10,10,2,2,19,0.0010530948638916016
38,fixed_n_fig_network_n10_alpha0.4_beta0.01_4.gr,fixed_n_fig_network_n10_alpha0.4_beta0.01_4.gr,10,10,0.4,0.4,0.01,0.01,1,1,23,23,10,10,2,2,0,0.0017714500427246094
39,fixed_n_fig_network_n10_alpha0.4_beta0.05_0.gr,fixed_n_fig_network_n10_alpha0.4_beta0.05_0.gr,10,10,0.4,0.4,0.05,0.05,8,8,23,23,4,4,8,8,0,0.001834869384765625
40,fixed_n_fig_network_n10_alpha0.4_beta0.05_1.gr,fixed_n_fig_network_n10_alpha0.4_beta0.05_1.gr,10,10,0.4,0.4,0.05,0.05,1,1,23,23,9,9,3,3,0,0.001384735107421875
41,fixed_n_fig_network_n10_alpha0.4_beta0.05_1.gr,fixed_n_fig_network_n10_alpha0.4_beta0.05_4.gr,10,10,0.4,0.4,0.05,0.05,1,2,23,23,9,9,3,3,18,0.0012819766998291016
42,fixed_n_fig_network_n10_alpha0.4_beta0.05_2.gr,fixed_n_fig_network_n10_alpha0.4_beta0.05_2.gr,10,10,0.4,0.4,0.05,0.05,2,2,23,23,8,8,4,4,0,0.0011332035064697266
43,fixed_n_fig_network_n10_alpha0.4_beta0.05_3.gr,fixed_n_fig_network_n10_alpha0.4_beta0.05_3.gr,10,10,0.4,0.4,0.05,0.05,1,1,23,23,10,10,2,2,0,0.001131296157836914
44,fixed_n_fig_network_n10_alpha0.4_beta0.05_4.gr,fixed_n_fig_network_n10_alpha0.4_beta0.05_1.gr,10,10,0.4,0.4,0.05,0.05,2,1,23,23,9,9,3,3,18,0.0020279884338378906
45,fixed_n_fig_network_n10_alpha0.4_beta0.05_4.gr,fixed_n_fig_network_n10_alpha0.4_beta0.05_4.gr,10,10,0.4,0.4,0.05,0.05,2,2,23,23,9,9,3,3,0,0.0013849735260009766
46,fixed_n_fig_network_n10_alpha0.4_beta0.25_0.gr,fixed_n_fig_network_n10_alpha0.4_beta0.25_0.gr,10,10,0.4,0.4,0.25,0.25,1,1,23,23,9,9,3,3,0,0.0014081001281738281
47,fixed_n_fig_network_n10_alpha0.4_beta0.25_0.gr,fixed_n_fig_network_n10_alpha0.4_beta0.25_1.gr,10,10,0.4,0.4,0.25,0.25,1,3,23,23,9,9,3,3,10,0.0012483596801757812
48,fixed_n_fig_network_n10_alpha0.4_beta0.25_0.gr,fixed_n_fig_network_n10_alpha0.4_beta0.25_2.gr,10,10,0.4,0.4,0.25,0.25,1,2,23,23,9,9,3,3,17,0.0012025833129882812
49,fixed_n_fig_network_n10_alpha0.4_beta0.25_1.gr,fixed_n_fig_network_n10_alpha0.4_beta0.25_0.gr,10,10,0.4,0.4,0.25,0.25,3,1,23,23,9,9,3,3,10,0.0010952949523925781
50,fixed_n_fig_network_n10_alpha0.4_beta0.25_1.gr,fixed_n_fig_network_n10_alpha0.4_beta0.25_1.gr,10,10,0.4,0.4,0.25,0.25,3,3,23,23,9,9,3,3,0,0.0010840892791748047
51,fixed_n_fig_network_n10_alpha0.4_beta0.25_1.gr,fixed_n_fig_network_n10_alpha0.4_beta0.25_2.gr,10,10,0.4,0.4,0.25,0.25,3,2,23,23,9,9,3,3,18,0.001016378402709961
52,fixed_n_fig_network_n10_alpha0.4_beta0.25_2.gr,fixed_n_fig_network_n10_alpha0.4_beta0.25_0.gr,10,10,0.4,0.4,0.25,0.25,2,1,23,23,9,9,3,3,17,0.0020503997802734375
53,fixed_n_fig_network_n10_alpha0.4_beta0.25_2.gr,fixed_n_fig_network_n10_alpha0.4_beta0.25_1.gr,10,10,0.4,0.4,0.25,0.25,2,3,23,23,9,9,3,3,18,0.0017087459564208984
54,fixed_n_fig_network_n10_alpha0.4_beta0.25_2.gr,fixed_n_fig_network_n10_alpha0.4_beta0.25_2.gr,10,10,0.4,0.4,0.25,0.25,2,2,23,23,9,9,3,3,0,0.0012865066528320312
55,fixed_n_fig_network_n10_alpha0.4_beta0.25_3.gr,fixed_n_fig_network_n10_alpha0.4_beta0.25_3.gr,10,10,0.4,0.4,0.25,0.25,1,1,23,23,10,10,2,2,0,0.0013566017150878906
56,fixed_n_fig_network_n10_alpha0.4_beta0.25_4.gr,fixed_n_fig_network_n10_alpha0.4_beta0.25_4.gr,10,10,0.4,0.4,0.25,0.25,4,4,23,23,8,8,4,4,0,0.0010929107666015625
57,fixed_n_fig_network_n10_alpha0.4_beta1.25_0.gr,fixed_n_fig_network_n10_alpha0.4_beta1.25_0.gr,10,10,0.4,0.4,1.25,1.25,7,7,23,23,5,5,7,7,0,0.0011060237884521484
58,fixed_n_fig_network_n10_alpha0.4_beta1.25_1.gr,fixed_n_fig_network_n10_alpha0.4_beta1.25_1.gr,10,10,0.4,0.4,1.25,1.25,3,3,23,23,8,8,4,4,0,0.0019533634185791016
59,fixed_n_fig_network_n10_alpha0.4_beta1.25_1.gr,fixed_n_fig_network_n10_alpha0.4_beta1.25_2.gr,10,10,0.4,0.4,1.25,1.25,3,4,23,23,8,8,4,4,17,0.0013704299926757812
60,fixed_n_fig_network_n10_alpha0.4_beta1.25_1.gr,fixed_n_fig_network_n10_alpha0.4_beta1.25_3.gr,10,10,0.4,0.4,1.25,1.25,3,4,23,23,8,8,4,4,20,0.001234292984008789
61,fixed_n_fig_network_n10_alpha0.4_beta1.25_2.gr,fixed_n_fig_network_n10_alpha0.4_beta1.25_1.gr,10,10,0.4,0.4,1.25,1.25,4,3,23,23,8,8,4,4,17,0.0013649463653564453
62,fixed_n_fig_network_n10_alpha0.4_beta1.25_2.gr,fixed_n_fig_network_n10_alpha0.4_beta1.25_2.gr,10,10,0.4,0.4,1.25,1.25,4,4,23,23,8,8,4,4,0,0.0012106895446777344
63,fixed_n_fig_network_n10_alpha0.4_beta1.25_2.gr,fixed_n_fig_network_n10_alpha0.4_beta1.25_3.gr,10,10,0.4,0.4,1.25,1.25,4,4,23,23,8,8,4,4,22,0.0011310577392578125
64,fixed_n_fig_network_n10_alpha0.4_beta1.25_3.gr,fixed_n_fig_network_n10_alpha0.4_beta1.25_1.gr,10,10,0.4,0.4,1.25,1.25,4,3,23,23,8,8,4,4,20,0.0014014244079589844
65,fixed_n_fig_network_n10_alpha0.4_beta1.25_3.gr,fixed_n_fig_network_n10_alpha0.4_beta1.25_2.gr,10,10,0.4,0.4,1.25,1.25,4,4,23,23,8,8,4,4,22,0.0018038749694824219
66,fixed_n_fig_network_n10_alpha0.4_beta1.25_3.gr,fixed_n_fig_network_n10_alpha0.4_beta1.25_3.gr,10,10,0.4,0.4,1.25,1.25,4,4,23,23,8,8,4,4,0,0.0014181137084960938
67,fixed_n_fig_network_n10_alpha0.4_beta1.25_4.gr,fixed_n_fig_network_n10_alpha0.4_beta1.25_4.gr,10,10,0.4,0.4,1.25,1.25,3,3,23,23,9,9,3,3,0,0.00127410888671875
68,fixed_n_fig_network_n10_alpha0.5_beta0.01_0.gr,fixed_n_fig_network_n10_alpha0.5_beta0.01_0.gr,10,10,0.5,0.5,0.01,0.01,2,2,23,23,8,8,4,4,0,0.0012578964233398438
69,fixed_n_fig_network_n10_alpha0.5_beta0.01_0.gr,fixed_n_fig_network_n10_alpha0.5_beta0.01_1.gr,10,10,0.5,0.5,0.01,0.01,2,2,23,23,8,8,4,4,14,0.001035928726196289
70,fixed_n_fig_network_n10_alpha0.5_beta0.01_0.gr,fixed_n_fig_network_n10_alpha0.5_beta0.01_3.gr,10,10,0.5,0.5,0.01,0.01,2,3,23,23,8,8,4,4,17,0.0010542869567871094
71,fixed_n_fig_network_n10_alpha0.5_beta0.01_0.gr,fixed_n_fig_network_n10_alpha0.5_beta0.01_4.gr,10,10,0.5,0.5,0.01,0.01,2,2,23,23,8,8,4,4,12,0.0010292530059814453
72,fixed_n_fig_network_n10_alpha0.5_beta0.01_1.gr,fixed_n_fig_network_n10_alpha0.5_beta0.01_0.gr,10,10,0.5,0.5,0.01,0.01,2,2,23,23,8,8,4,4,14,0.0018181800842285156
73,fixed_n_fig_network_n10_alpha0.5_beta0.01_1.gr,fixed_n_fig_network_n10_alpha0.5_beta0.01_1.gr,10,10,0.5,0.5,0.01,0.01,2,2,23,23,8,8,4,4,0,0.0015246868133544922
74,fixed_n_fig_network_n10_alpha0.5_beta0.01_1.gr,fixed_n_fig_network_n10_alpha0.5_beta0.01_3.gr,10,10,0.5,0.5,0.01,0.01,2,3,23,23,8,8,4,4,12,0.001337289810180664
75,fixed_n_fig_network_n10_alpha0.5_beta0.01_1.gr,fixed_n_fig_network_n10_alpha0.5_beta0.01_4.gr,10,10,0.5,0.5,0.01,0.01,2,2,23,23,8,8,4,4,16,0.0013644695281982422
76,fixed_n_fig_network_n10_alpha0.5_beta0.01_2.gr,fixed_n_fig_network_n10_alpha0.5_beta0.01_2.gr,10,10,0.5,0.5,0.01,0.01,2,2,23,23,7,7,5,5,0,0.0012700557708740234
77,fixed_n_fig_network_n10_alpha0.5_beta0.01_3.gr,fixed_n_fig_network_n10_alpha0.5_beta0.01_0.gr,10,10,0.5,0.5,0.01,0.01,3,2,23,23,8,8,4,4,17,0.0011165142059326172
78,fixed_n_fig_network_n10_alpha0.5_beta0.01_3.gr,fixed_n_fig_network_n10_alpha0.5_beta0.01_1.gr,10,10,0.5,0.5,0.01,0.01,3,2,23,23,8,8,4,4,12,0.0012526512145996094
79,fixed_n_fig_network_n10_alpha0.5_beta0.01_3.gr,fixed_n_fig_network_n10_alpha0.5_beta0.01_3.gr,10,10,0.5,0.5,0.01,0.01,3,3,23,23,8,8,4,4,0,0.0010688304901123047
80,fixed_n_fig_network_n10_alpha0.5_beta0.01_3.gr,fixed_n_fig_network_n10_alpha0.5_beta0.01_4.gr,10,10,0.5,0.5,0.01,0.01,3,2,23,23,8,8,4,4,17,0.0016753673553466797
81,fixed_n_fig_network_n10_alpha0.5_beta0.01_4.gr,fixed_n_fig_network_n10_alpha0.5_beta0.01_0.gr,10,10,0.5,0.5,0.01,0.01,2,2,23,23,8,8,4,4,12,0.0012488365173339844
82,fixed_n_fig_network_n10_alpha0.5_beta0.01_4.gr,fixed_n_fig_network_n10_alpha0.5_beta0.01_1.gr,10,10,0.5,0.5,0.01,0.01,2,2,23,23,8,8,4,4,16,0.0012962818145751953
83,fixed_n_fig_network_n10_alpha0.5_beta0.01_4.gr,fixed_n_fig_network_n10_alpha0.5_beta0.01_3.gr,10,10,0.5,0.5,0.01,0.01,2,3,23,23,8,8,4,4,17,0.001195669174194336
84,fixed_n_fig_network_n10_alpha0.5_beta0.01_4.gr,fixed_n_fig_network_n10_alpha0.5_beta0.01_4.gr,10,10,0.5,0.5,0.01,0.01,2,2,23,23,8,8,4,4,0,0.0011391639709472656
85,fixed_n_fig_network_n10_alpha0.5_beta0.05_0.gr,fixed_n_fig_network_n10_alpha0.5_beta0.05_0.gr,10,10,0.5,0.5,0.05,0.05,3,3,23,23,8,8,4,4,0,0.0011544227600097656
86,fixed_n_fig_network_n10_alpha0.5_beta0.05_1.gr,fixed_n_fig_network_n10_alpha0.5_beta0.05_1.gr,10,10,0.5,0.5,0.05,0.05,2,2,23,23,9,9,3,3,0,0.0011053085327148438
87,fixed_n_fig_network_n10_alpha0.5_beta0.05_2.gr,fixed_n_fig_network_n10_alpha0.5_beta0.05_2.gr,10,10,0.5,0.5,0.05,0.05,3,3,23,23,7,7,5,5,0,0.002002716064453125
88,fixed_n_fig_network_n10_alpha0.5_beta0.05_2.gr,fixed_n_fig_network_n10_alpha0.5_beta0.05_3.gr,10,10,0.5,0.5,0.05,0.05,3,5,23,23,7,7,5,5,18,0.0015976428985595703
89,fixed_n_fig_network_n10_alpha0.5_beta0.05_3.gr,fixed_n_fig_network_n10_alpha0.5_beta0.05_2.gr,10,10,0.5,0.5,0.05,0.05,5,3,23,23,7,7,5,5,18,0.0014629364013671875
90,fixed_n_fig_network_n10_alpha0.5_beta0.05_3.gr,fixed_n_fig_network_n10_alpha0.5_beta0.05_3.gr,10,10,0.5,0.5,0.05,0.05,5,5,23,23,7,7,5,5,0,0.0011827945709228516
91,fixed_n_fig_network_n10_alpha0.5_beta0.05_4.gr,fixed_n_fig_network_n10_alpha0.5_beta0.05_4.gr,10,10,0.5,0.5,0.05,0.05,3,3,23,23,5,5,7,7,0,0.001283884048461914
92,fixed_n_fig_network_n10_alpha0.5_beta0.25_0.gr,fixed_n_fig_network_n10_alpha0.5_beta0.25_0.gr,10,10,0.5,0.5,0.25,0.25,4,4,23,23,8,8,4,4,0,0.0011506080627441406
93,fixed_n_fig_network_n10_alpha0.5_beta0.25_0.gr,fixed_n_fig_network_n10_alpha0.5_beta0.25_1.gr,10,10,0.5,0.5,0.25,0.25,4,4,23,23,8,8,4,4,22,0.0010857582092285156
94,fixed_n_fig_network_n10_alpha0.5_beta0.25_1.gr,fixed_n_fig_network_n10_alpha0.5_beta0.25_0.gr,10,10,0.5,0.5,0.25,0.25,4,4,23,23,8,8,4,4,22,0.001810312271118164
95,fixed_n_fig_network_n10_alpha0.5_beta0.25_1.gr,fixed_n_fig_network_n10_alpha0.5_beta0.25_1.gr,10,10,0.5,0.5,0.25,0.25,4,4,23,23,8,8,4,4,0,0.0014142990112304688
96,fixed_n_fig_network_n10_alpha0.5_beta0.25_2.gr,fixed_n_fig_network_n10_alpha0.5_beta0.25_2.gr,10,10,0.5,0.5,0.25,0.25,4,4,23,23,6,6,6,6,0,0.001520395278930664
97,fixed_n_fig_network_n10_alpha0.5_beta0.25_3.gr,fixed_n_fig_network_n10_alpha0.5_beta0.25_3.gr,10,10,0.5,0.5,0.25,0.25,5,5,23,23,7,7,5,5,0,0.0012621879577636719
98,fixed_n_fig_network_n10_alpha0.5_beta0.25_4.gr,fixed_n_fig_network_n10_alpha0.5_beta0.25_4.gr,10,10,0.5,0.5,0.25,0.25,7,7,23,23,5,5,7,7,0,0.001157522201538086
99,fixed_n_fig_network_n10_alpha0.5_beta1.25_0.gr,fixed_n_fig_network_n10_alpha0.5_beta1.25_0.gr,10,10,0.5,0.5,1.25,1.25,5,5,23,23,7,7,5,5,0,0.0011305809020996094
100,fixed_n_fig_network_n10_alpha0.5_beta1.25_0.gr,fixed_n_fig_network_n10_alpha0.5_beta1.25_1.gr,10,10,0.5,0.5,1.25,1.25,5,5,23,23,7,7,5,5,18,0.00189971923828125
101,fixed_n_fig_network_n10_alpha0.5_beta1.25_1.gr,fixed_n_fig_network_n10_alpha0.5_beta1.25_0.gr,10,10,0.5,0.5,1.25,1.25,5,5,23,23,7,7,5,5,18,0.0016732215881347656
102,fixed_n_fig_network_n10_alpha0.5_beta1.25_1.gr,fixed_n_fig_network_n10_alpha0.5_beta1.25_1.gr,10,10,0.5,0.5,1.25,1.25,5,5,23,23,7,7,5,5,0,0.0012519359588623047
103,fixed_n_fig_network_n10_alpha0.5_beta1.25_2.gr,fixed_n_fig_network_n10_alpha0.5_beta1.25_2.gr,10,10,0.5,0.5,1.25,1.25,5,5,23,23,6,6,6,6,0,0.0014615058898925781
104,fixed_n_fig_network_n10_alpha0.5_beta1.25_2.gr,fixed_n_fig_network_n10_alpha0.5_beta1.25_3.gr,10,10,0.5,0.5,1.25,1.25,5,6,23,23,6,6,6,6,20,0.00110626220703125
105,fixed_n_fig_network_n10_alpha0.5_beta1.25_3.gr,fixed_n_fig_network_n10_alpha0.5_beta1.25_2.gr,10,10,0.5,0.5,1.25,1.25,6,5,23,23,6,6,6,6,20,0.0012080669403076172
106,fixed_n_fig_network_n10_alpha0.5_beta1.25_3.gr,fixed_n_fig_network_n10_alpha0.5_beta1.25_3.gr,10,10,0.5,0.5,1.25,1.25,6,6,23,23,6,6,6,6,0,0.0011022090911865234
107,fixed_n_fig_network_n10_alpha0.5_beta1.25_4.gr,fixed_n_fig_network_n10_alpha0.5_beta1.25_4.gr,10,10,0.5,0.5,1.25,1.25,4,4,23,23,8,8,4,4,0,0.0013706684112548828
108,fixed_n_fig_network_n10_alpha0.6_beta0.01_0.gr,fixed_n_fig_network_n10_alpha0.6_beta0.01_0.gr,10,10,0.6,0.6,0.01,0.01,6,6,23,23,6,6,6,6,0,0.0015583038330078125
109,fixed_n_fig_network_n10_alpha0.6_beta0.01_0.gr,fixed_n_fig_network_n10_alpha0.6_beta0.01_2.gr,10,10,0.6,0.6,0.01,0.01,6,4,23,23,6,6,6,6,14,0.0013823509216308594
110,fixed_n_fig_network_n10_alpha0.6_beta0.01_0.gr,fixed_n_fig_network_n10_alpha0.6_beta0.01_3.gr,10,10,0.6,0.6,0.01,0.01,6,6,23,23,6,6,6,6,16,0.0014119148254394531
111,fixed_n_fig_network_n10_alpha0.6_beta0.01_1.gr,fixed_n_fig_network_n10_alpha0.6_beta0.01_1.gr,10,10,0.6,0.6,0.01,0.01,3,3,23,23,8,8,4,4,0,0.0011942386627197266
112,fixed_n_fig_network_n10_alpha0.6_beta0.01_1.gr,fixed_n_fig_network_n10_alpha0.6_beta0.01_4.gr,10,10,0.6,0.6,0.01,0.01,3,3,23,23,8,8,4,4,14,0.00106048583984375
113,fixed_n_fig_network_n10_alpha0.6_beta0.01_2.gr,fixed_n_fig_network_n10_alpha0.6_beta0.01_0.gr,10,10,0.6,0.6,0.01,0.01,4,6,23,23,6,6,6,6,14,0.0011355876922607422
114,fixed_n_fig_network_n10_alpha0.6_beta0.01_2.gr,fixed_n_fig_network_n10_alpha0.6_beta0.01_2.gr,10,10,0.6,0.6,0.01,0.01,4,4,23,23,6,6,6,6,0,0.0011577606201171875
115,fixed_n_fig_network_n10_alpha0.6_beta0.01_2.gr,fixed_n_fig_network_n10_alpha0.6_beta0.01_3.gr,10,10,0.6,0.6,0.01,0.01,4,6,23,23,6,6,6,6,16,0.001760721206665039
116,fixed_n_fig_network_n10_alpha0.6_beta0.01_3.gr,fixed_n_fig_network_n10_alpha0.6_beta0.01_0.gr,10,10,0.6,0.6,0.01,0.01,6,6,23,23,6,6,6,6,16,0.0013229846954345703
117,fixed_n_fig_network_n10_alpha0.6_beta0.01_3.gr,fixed_n_fig_network_n10_alpha0.6_beta0.01_2.gr,10,10,0.6,0.6,0.01,0.01,6,4,23,23,6,6,6,6,16,0.0015680789947509766
118,fixed_n_fig_network_n10_alpha0.6_beta0.01_3.gr,fixed_n_fig_network_n10_alpha0.6_beta0.01_3.gr,10,10,0.6,0.6,0.01,0.01,6,6,23,23,6,6,6,6,0,0.0012013912200927734
119,fixed_n_fig_network_n10_alpha0.6_beta0.01_4.gr,fixed_n_fig_network_n10_alpha0.6_beta0.01_1.gr,10,10,0.6,0.6,0.01,0.01,3,3,23,23,8,8,4,4,14,0.0012214183807373047
120,fixed_n_fig_network_n10_alpha0.6_beta0.01_4.gr,fixed_n_fig_network_n10_alpha0.6_beta0.01_4.gr,10,10,0.6,0.6,0.01,0.01,3,3,23,23,8,8,4,4,0,0.0011043548583984375
121,fixed_n_fig_network_n10_alpha0.6_beta0.05_0.gr,fixed_n_fig_network_n10_alpha0.6_beta0.05_0.gr,10,10,0.6,0.6,0.05,0.05,2,2,23,23,6,6,6,6,0,0.0012664794921875
122,fixed_n_fig_network_n10_alpha0.6_beta0.05_0.gr,fixed_n_fig_network_n10_alpha0.6_beta0.05_3.gr,10,10,0.6,0.6,0.05,0.05,2,6,23,23,6,6,6,6,18,0.0018627643585205078
123,fixed_n_fig_network_n10_alpha0.6_beta0.05_1.gr,fixed_n_fig_network_n10_alpha0.6_beta0.05_1.gr,10,10,0.6,0.6,0.05,0.05,4,4,23,23,7,7,5,5,0,0.0014944076538085938
124,fixed_n_fig_network_n10_alpha0.6_beta0.05_2.gr,fixed_n_fig_network_n10_alpha0.6_beta0.05_2.gr,10,10,0.6,0.6,0.05,0.05,6,6,23,23,5,5,7,7,0,0.0012745857238769531
125,fixed_n_fig_network_n10_alpha0.6_beta0.05_2.gr,fixed_n_fig_network_n10_alpha0.6_beta0.05_4.gr,10,10,0.6,0.6,0.05,0.05,6,3,23,23,5,5,7,7,17,0.0014204978942871094
126,fixed_n_fig_network_n10_alpha0.6_beta0.05_3.gr,fixed_n_fig_network_n10_alpha0.6_beta0.05_0.gr,10,10,0.6,0.6,0.05,0.05,6,2,23,23,6,6,6,6,18,0.0011568069458007812
127,fixed_n_fig_network_n10_alpha0.6_beta0.05_3.gr,fixed_n_fig_network_n10_alpha0.6_beta0.05_3.gr,10,10,0.6,0.6,0.05,0.05,6,6,23,23,6,6,6,6,0,0.0010497570037841797
128,fixed_n_fig_network_n10_alpha0.6_beta0.05_4.gr,fixed_n_fig_network_n10_alpha0.6_beta0.05_2.gr,10,10,0.6,0.6,0.05,0.05,3,6,23,23,5,5,7,7,17,0.0019192695617675781
129,fixed_n_fig_network_n10_alpha0.6_beta0.05_4.gr,fixed_n_fig_network_n10_alpha0.6_beta0.05_4.gr,10,10,0.6,0.6,0.05,0.05,3,3,23,23,5,5,7,7,0,0.0015587806701660156
130,fixed_n_fig_network_n10_alpha0.6_beta0.25_0.gr,fixed_n_fig_network_n10_alpha0.6_beta0.25_0.gr,10,10,0.6,0.6,0.25,0.25,6,6,23,23,4,4,8,8,0,0.0014078617095947266
131,fixed_n_fig_network_n10_alpha0.6_beta0.25_0.gr,fixed_n_fig_network_n10_alpha0.6_beta0.25_1.gr,10,10,0.6,0.6,0.25,0.25,6,8,23,23,4,4,8,8,18,0.0011360645294189453
132,fixed_n_fig_network_n10_alpha0.6_beta0.25_1.gr,fixed_n_fig_network_n10_alpha0.6_beta0.25_0.gr,10,10,0.6,0.6,0.25,0.25,8,6,23,23,4,4,8,8,18,0.001279592514038086
133,fixed_n_fig_network_n10_alpha0.6_beta0.25_1.gr,fixed_n_fig_network_n10_alpha0.6_beta0.25_1.gr,10,10,0.6,0.6,0.25,0.25,8,8,23,23,4,4,8,8,0,0.0011484622955322266
134,fixed_n_fig_network_n10_alpha0.6_beta0.25_2.gr,fixed_n_fig_network_n10_alpha0.6_beta0.25_2.gr,10,10,0.6,0.6,0.25,0.25,7,7,23,23,5,5,7,7,0,0.0010933876037597656
135,fixed_n_fig_network_n10_alpha0.6_beta0.25_3.gr,fixed_n_fig_network_n10_alpha0.6_beta0.25_3.gr,10,10,0.6,0.6,0.25,0.25,4,4,23,23,8,8,4,4,0,0.0016405582427978516
136,fixed_n_fig_network_n10_alpha0.6_beta0.25_4.gr,fixed_n_fig_network_n10_alpha0.6_beta0.25_4.gr,10,10,0.6,0.6,0.25,0.25,5,5,23,23,7,7,5,5,0,0.0013375282287597656
137,fixed_n_fig_network_n10_alpha0.6_beta1.25_0.gr,fixed_n_fig_network_n10_alpha0.6_beta1.25_0.gr,10,10,0.6,0.6,1.25,1.25,4,4,23,23,8,8,4,4,0,0.001157522201538086
138,fixed_n_fig_network_n10_alpha0.6_beta1.25_0.gr,fixed_n_fig_network_n10_alpha0.6_beta1.25_1.gr,10,10,0.6,0.6,1.25,1.25,4,4,23,23,8,8,4,4,24,0.0011208057403564453
139,fixed_n_fig_network_n10_alpha0.6_beta1.25_0.gr,fixed_n_fig_network_n10_alpha0.6_beta1.25_4.gr,10,10,0.6,0.6,1.25,1.25,4,4,23,23,8,8,4,4,13,0.0010457038879394531
140,fixed_n_fig_network_n10_alpha0.6_beta1.25_1.gr,fixed_n_fig_network_n10_alpha0.6_beta1.25_0.gr,10,10,0.6,0.6,1.25,1.25,4,4,23,23,8,8,4,4,24,0.0017659664154052734
141,fixed_n_fig_network_n10_alpha0.6_beta1.25_1.gr,fixed_n_fig_network_n10_alpha0.6_beta1.25_1.gr,10,10,0.6,0.6,1.25,1.25,4,4,23,23,8,8,4,4,0,0.0016322135925292969
142,fixed_n_fig_network_n10_alpha0.6_beta1.25_1.gr,fixed_n_fig_network_n10_alpha0.6_beta1.25_4.gr,10,10,0.6,0.6,1.25,1.25,4,4,23,23,8,8,4,4,24,0.0012481212615966797
143,fixed_n_fig_network_n10_alpha0.6_beta1.25_2.gr,fixed_n_fig_network_n10_alpha0.6_beta1.25_2.gr,10,10,0.6,0.6,1.25,1.25,6,6,23,23,6,6,6,6,0,0.001220703125
144,fixed_n_fig_network_n10_alpha0.6_beta1.25_3.gr,fixed_n_fig_network_n10_alpha0.6_beta1.25_3.gr,10,10,0.6,0.6,1.25,1.25,7,7,23,23,5,5,7,7,0,0.0012083053588867188
145,fixed_n_fig_network_n10_alpha0.6_beta1.25_4.gr,fixed_n_fig_network_n10_alpha0.6_beta1.25_0.gr,10,10,0.6,0.6,1.25,1.25,4,4,23,23,8,8,4,4,13,0.0011281967163085938
146,fixed_n_fig_network_n10_alpha0.6_beta1.25_4.gr,fixed_n_fig_network_n10_alpha0.6_beta1.25_1.gr,10,10,0.6,0.6,1.25,1.25,4,4,23,23,8,8,4,4,24,0.0017688274383544922
147,fixed_n_fig_network_n10_alpha0.6_beta1.25_4.gr,fixed_n_fig_network_n10_alpha0.6_beta1.25_4.gr,10,10,0.6,0.6,1.25,1.25,4,4,23,23,8,8,4,4,0,0.001691579818725586
148,fixed_n_fig_network_n10_alpha0.7_beta0.01_0.gr,fixed_n_fig_network_n10_alpha0.7_beta0.01_0.gr,10,10,0.7,0.7,0.01,0.01,5,5,23,23,4,4,8,8,0,0.0013866424560546875
149,fixed_n_fig_network_n10_alpha0.7_beta0.01_0.gr,fixed_n_fig_network_n10_alpha0.7_beta0.01_1.gr,10,10,0.7,0.7,0.01,0.01,5,5,23,23,4,4,8,8,12,0.005522489547729492
150,fixed_n_fig_network_n10_alpha0.7_beta0.01_1.gr,fixed_n_fig_network_n10_alpha0.7_beta0.01_0.gr,10,10,0.7,0.7,0.01,0.01,5,5,23,23,4,4,8,8,12,0.008880376815795898
151,fixed_n_fig_network_n10_alpha0.7_beta0.01_1.gr,fixed_n_fig_network_n10_alpha0.7_beta0.01_1.gr,10,10,0.7,0.7,0.01,0.01,5,5,23,23,4,4,8,8,0,0.0013949871063232422
152,fixed_n_fig_network_n10_alpha0.7_beta0.01_2.gr,fixed_n_fig_network_n10_alpha0.7_beta0.01_2.gr,10,10,0.7,0.7,0.01,0.01,2,2,23,23,7,7,5,5,0,0.0011692047119140625
153,fixed_n_fig_network_n10_alpha0.7_beta0.01_3.gr,fixed_n_fig_network_n10_alpha0.7_beta0.01_3.gr,10,10,0.7,0.7,0.01,0.01,2,2,23,23,6,6,6,6,0,0.0010607242584228516
154,fixed_n_fig_network_n10_alpha0.7_beta0.01_3.gr,fixed_n_fig_network_n10_alpha0.7_beta0.01_4.gr,10,10,0.7,0.7,0.01,0.01,2,3,23,23,6,6,6,6,16,0.0012581348419189453
155,fixed_n_fig_network_n10_alpha0.7_beta0.01_4.gr,fixed_n_fig_network_n10_alpha0.7_beta0.01_3.gr,10,10,0.7,0.7,0.01,0.01,3,2,23,23,6,6,6,6,16,0.0018961429595947266
156,fixed_n_fig_network_n10_alpha0.7_beta0.01_4.gr,fixed_n_fig_network_n10_alpha0.7_beta0.01_4.gr,10,10,0.7,0.7,0.01,0.01,3,3,23,23,6,6,6,6,0,0.001706838607788086
157,fixed_n_fig_network_n10_alpha0.7_beta0.05_0.gr,fixed_n_fig_network_n10_alpha0.7_beta0.05_0.gr,10,10,0.7,0.7,0.05,0.05,4,4,23,23,6,6,6,6,0,0.0014810562133789062
158,fixed_n_fig_network_n10_alpha0.7_beta0.05_1.gr,fixed_n_fig_network_n10_alpha0.7_beta0.05_1.gr,10,10,0.7,0.7,0.05,0.05,2,2,23,23,7,7,5,5,0,0.0012333393096923828
159,fixed_n_fig_network_n10_alpha0.7_beta0.05_2.gr,fixed_n_fig_network_n10_alpha0.7_beta0.05_2.gr,10,10,0.7,0.7,0.05,0.05,4,4,23,23,5,5,7,7,0,0.0011343955993652344
160,fixed_n_fig_network_n10_alpha0.7_beta0.05_2.gr,fixed_n_fig_network_n10_alpha0.7_beta0.05_3.gr,10,10,0.7,0.7,0.05,0.05,4,3,23,23,5,5,7,7,16,0.0010967254638671875
161,fixed_n_fig_network_n10_alpha0.7_beta0.05_3.gr,fixed_n_fig_network_n10_alpha0.7_beta0.05_2.gr,10,10,0.7,0.7,0.05,0.05,3,4,23,23,5,5,7,7,16,0.0017268657684326172
162,fixed_n_fig_network_n10_alpha0.7_beta0.05_3.gr,fixed_n_fig_network_n10_alpha0.7_beta0.05_3.gr,10,10,0.7,0.7,0.05,0.05,3,3,23,23,5,5,7,7,0,0.0018391609191894531
163,fixed_n_fig_network_n10_alpha0.7_beta0.05_4.gr,fixed_n_fig_network_n10_alpha0.7_beta0.05_4.gr,10,10,0.7,0.7,0.05,0.05,5,5,23,23,4,4,8,8,0,0.0014879703521728516
164,fixed_n_fig_network_n10_alpha0.7_beta0.25_0.gr,fixed_n_fig_network_n10_alpha0.7_beta0.25_0.gr,10,10,0.7,0.7,0.25,0.25,4,4,23,23,8,8,4,4,0,0.0011322498321533203
165,fixed_n_fig_network_n10_alpha0.7_beta0.25_1.gr,fixed_n_fig_network_n10_alpha0.7_beta0.25_1.gr,10,10,0.7,0.7,0.25,0.25,8,8,23,23,4,4,8,8,0,0.0010960102081298828
166,fixed_n_fig_network_n10_alpha0.7_beta0.25_2.gr,fixed_n_fig_network_n10_alpha0.7_beta0.25_2.gr,10,10,0.7,0.7,0.25,0.25,10,10,23,23,2,2,10,10,0,0.0010783672332763672
167,fixed_n_fig_network_n10_alpha0.7_beta0.25_3.gr,fixed_n_fig_network_n10_alpha0.7_beta0.25_3.gr,10,10,0.7,0.7,0.25,0.25,7,7,23,23,5,5,7,7,0,0.0019190311431884766
168,fixed_n_fig_network_n10_alpha0.7_beta0.25_4.gr,fixed_n_fig_network_n10_alpha0.7_beta0.25_4.gr,10,10,0.7,0.7,0.25,0.25,5,5,23,23,7,7,5,5,0,0.0014672279357910156
169,fixed_n_fig_network_n10_alpha0.7_beta1.25_0.gr,fixed_n_fig_network_n10_alpha0.7_beta1.25_0.gr,10,10,0.7,0.7,1.25,1.25,7,7,23,23,5,5,7,7,0,0.0011899471282958984
170,fixed_n_fig_network_n10_alpha0.7_beta1.25_1.gr,fixed_n_fig_network_n10_alpha0.7_beta1.25_1.gr,10,10,0.7,0.7,1.25,1.25,5,5,23,23,7,7,5,5,0,0.001065969467163086
171,fixed_n_fig_network_n10_alpha0.7_beta1.25_2.gr,fixed_n_fig_network_n10_alpha0.7_beta1.25_2.gr,10,10,0.7,0.7,1.25,1.25,6,6,23,23,6,6,6,6,0,0.0011610984802246094
172,fixed_n_fig_network_n10_alpha0.7_beta1.25_3.gr,fixed_n_fig_network_n10_alpha0.7_beta1.25_3.gr,10,10,0.7,0.7,1.25,1.25,9,9,23,23,3,3,9,9,0,0.0018041133880615234
173,fixed_n_fig_network_n10_alpha0.7_beta1.25_4.gr,fixed_n_fig_network_n10_alpha0.7_beta1.25_4.gr,10,10,0.7,0.7,1.25,1.25,8,8,23,23,4,4,8,8,0,0.001306772232055664
174,fixed_alphabeta_network_n5_alpha0.1_beta1_0.gr,fixed_alphabeta_network_n5_alpha0.1_beta1_0.gr,5,5,0.1,0.1,1,1,0,0,13,13,7,7,0,0,0,0.0012507438659667969
175,fixed_alphabeta_network_n5_alpha0.1_beta1_0.gr,fixed_alphabeta_network_n5_alpha0.1_beta1_1.gr,5,5,0.1,0.1,1,1,0,0,13,13,7,7,0,0,4,0.0010395050048828125
176,fixed_alphabeta_network_n5_alpha0.1_beta1_0.gr,fixed_alphabeta_network_n5_alpha0.1_beta1_2.gr,5,5,0.1,0.1,1,1,0,0,13,13,7,7,0,0,8,0.0010824203491210938
177,fixed_alphabeta_network_n5_alpha0.1_beta1_0.gr,fixed_alphabeta_network_n5_alpha0.1_beta1_4.gr,5,5,0.1,0.1,1,1,0,0,13,13,7,7,0,0,4,0.0010356903076171875
178,fixed_alphabeta_network_n5_alpha0.1_beta1_0.gr,fixed_alphabeta_network_n5_alpha0.1_beta1_6.gr,5,5,0.1,0.1,1,1,0,0,13,13,7,7,0,0,4,0.0009641647338867188
179,fixed_alphabeta_network_n5_alpha0.1_beta1_0.gr,fixed_alphabeta_network_n5_alpha0.1_beta1_7.gr,5,5,0.1,0.1,1,1,0,0,13,13,7,7,0,0,4,0.0010666847229003906
180,fixed_alphabeta_network_n5_alpha0.1_beta1_1.gr,fixed_alphabeta_network_n5_alpha0.1_beta1_0.gr,5,5,0.1,0.1,1,1,0,0,13,13,7,7,0,0,4,0.0010099411010742188
181,fixed_alphabeta_network_n5_alpha0.1_beta1_1.gr,fixed_alphabeta_network_n5_alpha0.1_beta1_1.gr,5,5,0.1,0.1,1,1,0,0,13,13,7,7,0,0,0,0.0009694099426269531
182,fixed_alphabeta_network_n5_alpha0.1_beta1_1.gr,fixed_alphabeta_network_n5_alpha0.1_beta1_2.gr,5,5,0.1,0.1,1,1,0,0,13,13,7,7,0,0,8,0.0019805431365966797
183,fixed_alphabeta_network_n5_alpha0.1_beta1_1.gr,fixed_alphabeta_network_n5_alpha0.1_beta1_4.gr,5,5,0.1,0.1,1,1,0,0,13,13,7,7,0,0,6,0.0016980171203613281
184,fixed_alphabeta_network_n5_alpha0.1_beta1_1.gr,fixed_alphabeta_network_n5_alpha0.1_beta1_6.gr,5,5,0.1,0.1,1,1,0,0,13,13,7,7,0,0,6,0.001188039779663086
185,fixed_alphabeta_network_n5_alpha0.1_beta1_1.gr,fixed_alphabeta_network_n5_alpha0.1_beta1_7.gr,5,5,0.1,0.1,1,1,0,0,13,13,7,7,0,0,4,0.0013897418975830078
186,fixed_alphabeta_network_n5_alpha0.1_beta1_2.gr,fixed_alphabeta_network_n5_alpha0.1_beta1_0.gr,5,5,0.1,0.1,1,1,0,0,13,13,7,7,0,0,8,0.0011417865753173828
187,fixed_alphabeta_network_n5_alpha0.1_beta1_2.gr,fixed_alphabeta_network_n5_alpha0.1_beta1_1.gr,5,5,0.1,0.1,1,1,0,0,13,13,7,7,0,0,8,0.0010640621185302734
188,fixed_alphabeta_network_n5_alpha0.1_beta1_2.gr,fixed_alphabeta_network_n5_alpha0.1_beta1_2.gr,5,5,0.1,0.1,1,1,0,0,13,13,7,7,0,0,0,0.0010154247283935547
189,fixed_alphabeta_network_n5_alpha0.1_beta1_2.gr,fixed_alphabeta_network_n5_alpha0.1_beta1_4.gr,5,5,0.1,0.1,1,1,0,0,13,13,7,7,0,0,6,0.0009763240814208984
190,fixed_alphabeta_network_n5_alpha0.1_beta1_2.gr,fixed_alphabeta_network_n5_alpha0.1_beta1_6.gr,5,5,0.1,0.1,1,1,0,0,13,13,7,7,0,0,8,0.000978231430053711
191,fixed_alphabeta_network_n5_alpha0.1_beta1_2.gr,fixed_alphabeta_network_n5_alpha0.1_beta1_7.gr,5,5,0.1,0.1,1,1,0,0,13,13,7,7,0,0,8,0.000985860824584961
192,fixed_alphabeta_network_n5_alpha0.1_beta1_3.gr,fixed_alphabeta_network_n5_alpha0.1_beta1_3.gr,5,5,0.1,0.1,1,1,1,1,13,13,6,6,1,1,0,0.001422882080078125
193,fixed_alphabeta_network_n5_alpha0.1_beta1_3.gr,fixed_alphabeta_network_n5_alpha0.1_beta1_8.gr,5,5,0.1,0.1,1,1,1,1,13,13,6,6,1,1,9,0.001710653305053711
194,fixed_alphabeta_network_n5_alpha0.1_beta1_3.gr,fixed_alphabeta_network_n5_alpha0.1_beta1_9.gr,5,5,0.1,0.1,1,1,1,1,13,13,6,6,1,1,9,0.001413583755493164
195,fixed_alphabeta_network_n5_alpha0.1_beta1_4.gr,fixed_alphabeta_network_n5_alpha0.1_beta1_0.gr,5,5,0.1,0.1,1,1,0,0,13,13,7,7,0,0,4,0.00135040283203125
196,fixed_alphabeta_network_n5_alpha0.1_beta1_4.gr,fixed_alphabeta_network_n5_alpha0.1_beta1_1.gr,5,5,0.1,0.1,1,1,0,0,13,13,7,7,0,0,6,0.0011334419250488281
197,fixed_alphabeta_network_n5_alpha0.1_beta1_4.gr,fixed_alphabeta_network_n5_alpha0.1_beta1_2.gr,5,5,0.1,0.1,1,1,0,0,13,13,7,7,0,0,6,0.0010190010070800781
198,fixed_alphabeta_network_n5_alpha0.1_beta1_4.gr,fixed_alphabeta_network_n5_alpha0.1_beta1_4.gr,5,5,0.1,0.1,1,1,0,0,13,13,7,7,0,0,0,0.0011413097381591797
199,fixed_alphabeta_network_n5_alpha0.1_beta1_4.gr,fixed_alphabeta_network_n5_alpha0.1_beta1_6.gr,5,5,0.1,0.1,1,1,0,0,13,13,7,7,0,0,4,0.0012059211730957031
200,fixed_alphabeta_network_n5_alpha0.1_beta1_4.gr,fixed_alphabeta_network_n5_alpha0.1_beta1_7.gr,5,5,0.1,0.1,1,1,0,0,13,13,7,7,0,0,8,0.0012540817260742188
201,fixed_alphabeta_network_n5_alpha0.1_beta1_5.gr,fixed_alphabeta_network_n5_alpha0.1_beta1_5.gr,5,5,0.1,0.1,1,1,2,2,13,13,4,4,3,3,0,0.001085519790649414
202,fixed_alphabeta_network_n5_alpha0.1_beta1_6.gr,fixed_alphabeta_network_n5_alpha0.1_beta1_0.gr,5,5,0.1,0.1,1,1,0,0,13,13,7,7,0,0,4,0.0013349056243896484
203,fixed_alphabeta_network_n5_alpha0.1_beta1_6.gr,fixed_alphabeta_network_n5_alpha0.1_beta1_1.gr,5,5,0.1,0.1,1,1,0,0,13,13,7,7,0,0,6,0.0011494159698486328
204,fixed_alphabeta_network_n5_alpha0.1_beta1_6.gr,fixed_alphabeta_network_n5_alpha0.1_beta1_2.gr,5,5,0.1,0.1,1,1,0,0,13,13,7,7,0,0,8,0.0011134147644042969
205,fixed_alphabeta_network_n5_alpha0.1_beta1_6.gr,fixed_alphabeta_network_n5_alpha0.1_beta1_4.gr,5,5,0.1,0.1,1,1,0,0,13,13,7,7,0,0,4,0.0012433528900146484
206,fixed_alphabeta_network_n5_alpha0.1_beta1_6.gr,fixed_alphabeta_network_n5_alpha0.1_beta1_6.gr,5,5,0.1,0.1,1,1,0,0,13,13,7,7,0,0,0,0.0012059211730957031
207,fixed_alphabeta_network_n5_alpha0.1_beta1_6.gr,fixed_alphabeta_network_n5_alpha0.1_beta1_7.gr,5,5,0.1,0.1,1,1,0,0,13,13,7,7,0,0,6,0.0010480880737304688
208,fixed_alphabeta_network_n5_alpha0.1_beta1_7.gr,fixed_alphabeta_network_n5_alpha0.1_beta1_0.gr,5,5,0.1,0.1,1,1,0,0,13,13,7,7,0,0,4,0.001157522201538086
209,fixed_alphabeta_network_n5_alpha0.1_beta1_7.gr,fixed_alphabeta_network_n5_alpha0.1_beta1_1.gr,5,5,0.1,0.1,1,1,0,0,13,13,7,7,0,0,4,0.0010294914245605469
210,fixed_alphabeta_network_n5_alpha0.1_beta1_7.gr,fixed_alphabeta_network_n5_alpha0.1_beta1_2.gr,5,5,0.1,0.1,1,1,0,0,13,13,7,7,0,0,8,0.00107574462890625
211,fixed_alphabeta_network_n5_alpha0.1_beta1_7.gr,fixed_alphabeta_network_n5_alpha0.1_beta1_4.gr,5,5,0.1,0.1,1,1,0,0,13,13,7,7,0,0,8,0.0010099411010742188
212,fixed_alphabeta_network_n5_alpha0.1_beta1_7.gr,fixed_alphabeta_network_n5_alpha0.1_beta1_6.gr,5,5,0.1,0.1,1,1,0,0,13,13,7,7,0,0,6,0.0009641647338867188
213,fixed_alphabeta_network_n5_alpha0.1_beta1_7.gr,fixed_alphabeta_network_n5_alpha0.1_beta1_7.gr,5,5,0.1,0.1,1,1,0,0,13,13,7,7,0,0,0,0.0012969970703125
214,fixed_alphabeta_network_n5_alpha0.1_beta1_8.gr,fixed_alphabeta_network_n5_alpha0.1_beta1_3.gr,5,5,0.1,0.1,1,1,1,1,13,13,6,6,1,1,9,0.0014367103576660156
215,fixed_alphabeta_network_n5_alpha0.1_beta1_8.gr,fixed_alphabeta_network_n5_alpha0.1_beta1_8.gr,5,5,0.1,0.1,1,1,1,1,13,13,6,6,1,1,0,0.001279592514038086
216,fixed_alphabeta_network_n5_alpha0.1_beta1_8.gr,fixed_alphabeta_network_n5_alpha0.1_beta1_9.gr,5,5,0.1,0.1,1,1,1,1,13,13,6,6,1,1,8,0.001256704330444336
217,fixed_alphabeta_network_n5_alpha0.1_beta1_9.gr,fixed_alphabeta_network_n5_alpha0.1_beta1_3.gr,5,5,0.1,0.1,1,1,1,1,13,13,6,6,1,1,9,0.0010671615600585938
218,fixed_alphabeta_network_n5_alpha0.1_beta1_9.gr,fixed_alphabeta_network_n5_alpha0.1_beta1_8.gr,5,5,0.1,0.1,1,1,1,1,13,13,6,6,1,1,8,0.001088857650756836
219,fixed_alphabeta_network_n5_alpha0.1_beta1_9.gr,fixed_alphabeta_network_n5_alpha0.1_beta1_9.gr,5,5,0.1,0.1,1,1,1,1,13,13,6,6,1,1,0,0.0010848045349121094
220,fixed_alphabeta_network_n5_alpha0.4_beta0.05_0.gr,fixed_alphabeta_network_n5_alpha0.4_beta0.05_0.gr,5,5,0.4,0.4,0.05,0.05,3,3,13,13,4,4,3,3,0,0.0009806156158447266
221,fixed_alphabeta_network_n5_alpha0.4_beta0.05_0.gr,fixed_alphabeta_network_n5_alpha0.4_beta0.05_5.gr,5,5,0.4,0.4,0.05,0.05,3,3,13,13,4,4,3,3,0,0.0009968280792236328
222,fixed_alphabeta_network_n5_alpha0.4_beta0.05_1.gr,fixed_alphabeta_network_n5_alpha0.4_beta0.05_1.gr,5,5,0.4,0.4,0.05,0.05,0,0,13,13,7,7,0,0,0,0.0013370513916015625
223,fixed_alphabeta_network_n5_alpha0.4_beta0.05_1.gr,fixed_alphabeta_network_n5_alpha0.4_beta0.05_2.gr,5,5,0.4,0.4,0.05,0.05,0,0,13,13,7,7,0,0,6,0.001338958740234375
224,fixed_alphabeta_network_n5_alpha0.4_beta0.05_2.gr,fixed_alphabeta_network_n5_alpha0.4_beta0.05_1.gr,5,5,0.4,0.4,0.05,0.05,0,0,13,13,7,7,0,0,6,0.001310110092163086
225,fixed_alphabeta_network_n5_alpha0.4_beta0.05_2.gr,fixed_alphabeta_network_n5_alpha0.4_beta0.05_2.gr,5,5,0.4,0.4,0.05,0.05,0,0,13,13,7,7,0,0,0,0.00107574462890625
226,fixed_alphabeta_network_n5_alpha0.4_beta0.05_3.gr,fixed_alphabeta_network_n5_alpha0.4_beta0.05_3.gr,5,5,0.4,0.4,0.05,0.05,1,1,13,13,6,6,1,1,0,0.0010001659393310547
227,fixed_alphabeta_network_n5_alpha0.4_beta0.05_3.gr,fixed_alphabeta_network_n5_alpha0.4_beta0.05_4.gr,5,5,0.4,0.4,0.05,0.05,1,1,13,13,6,6,1,1,6,0.001035451889038086
228,fixed_alphabeta_network_n5_alpha0.4_beta0.05_3.gr,fixed_alphabeta_network_n5_alpha0.4_beta0.05_8.gr,5,5,0.4,0.4,0.05,0.05,1,1,13,13,6,6,1,1,9,0.0010199546813964844
229,fixed_alphabeta_network_n5_alpha0.4_beta0.05_4.gr,fixed_alphabeta_network_n5_alpha0.4_beta0.05_3.gr,5,5,0.4,0.4,0.05,0.05,1,1,13,13,6,6,1,1,6,0.0009617805480957031
230,fixed_alphabeta_network_n5_alpha0.4_beta0.05_4.gr,fixed_alphabeta_network_n5_alpha0.4_beta0.05_4.gr,5,5,0.4,0.4,0.05,0.05,1,1,13,13,6,6,1,1,0,0.0009686946868896484
231,fixed_alphabeta_network_n5_alpha0.4_beta0.05_4.gr,fixed_alphabeta_network_n5_alpha0.4_beta0.05_8.gr,5,5,0.4,0.4,0.05,0.05,1,1,13,13,6,6,1,1,7,0.0009756088256835938
232,fixed_alphabeta_network_n5_alpha0.4_beta0.05_5.gr,fixed_alphabeta_network_n5_alpha0.4_beta0.05_0.gr,5,5,0.4,0.4,0.05,0.05,3,3,13,13,4,4,3,3,0,0.0013642311096191406
233,fixed_alphabeta_network_n5_alpha0.4_beta0.05_5.gr,fixed_alphabeta_network_n5_alpha0.4_beta0.05_5.gr,5,5,0.4,0.4,0.05,0.05,3,3,13,13,4,4,3,3,0,0.0012886524200439453
234,fixed_alphabeta_network_n5_alpha0.4_beta0.05_6.gr,fixed_alphabeta_network_n5_alpha0.4_beta0.05_6.gr,5,5,0.4,0.4,0.05,0.05,2,2,13,13,5,5,2,2,0,0.0013632774353027344
235,fixed_alphabeta_network_n5_alpha0.4_beta0.05_6.gr,fixed_alphabeta_network_n5_alpha0.4_beta0.05_7.gr,5,5,0.4,0.4,0.05,0.05,2,1,13,13,5,5,2,2,6,0.0012171268463134766
236,fixed_alphabeta_network_n5_alpha0.4_beta0.05_7.gr,fixed_alphabeta_network_n5_alpha0.4_beta0.05_6.gr,5,5,0.4,0.4,0.05,0.05,1,2,13,13,5,5,2,2,6,0.001066446304321289
237,fixed_alphabeta_network_n5_alpha0.4_beta0.05_7.gr,fixed_alphabeta_network_n5_alpha0.4_beta0.05_7.gr,5,5,0.4,0.4,0.05,0.05,1,1,13,13,5,5,2,2,0,0.0011053085327148438
238,fixed_alphabeta_network_n5_alpha0.4_beta0.05_8.gr,fixed_alphabeta_network_n5_alpha0.4_beta0.05_3.gr,5,5,0.4,0.4,0.05,0.05,1,1,13,13,6,6,1,1,9,0.0010442733764648438
239,fixed_alphabeta_network_n5_alpha0.4_beta0.05_8.gr,fixed_alphabeta_network_n5_alpha0.4_beta0.05_4.gr,5,5,0.4,0.4,0.05,0.05,1,1,13,13,6,6,1,1,7,0.0009765625
240,fixed_alphabeta_network_n5_alpha0.4_beta0.05_8.gr,fixed_alphabeta_network_n5_alpha0.4_beta0.05_8.gr,5,5,0.4,0.4,0.05,0.05,1,1,13,13,6,6,1,1,0,0.0009675025939941406
241,fixed_alphabeta_network_n5_alpha0.4_beta0.05_9.gr,fixed_alphabeta_network_n5_alpha0.4_beta0.05_9.gr,5,5,0.4,0.4,0.05,0.05,2,2,13,13,3,3,4,4,0,0.001064300537109375
242,fixed_alphabeta_network_n5_alpha0.7_beta0.01_0.gr,fixed_alphabeta_network_n5_alpha0.7_beta0.01_0.gr,5,5,0.7,0.7,0.01,0.01,3,3,13,13,3,3,4,4,0,0.0013675689697265625
243,fixed_alphabeta_network_n5_alpha0.7_beta0.01_0.gr,fixed_alphabeta_network_n5_alpha0.7_beta0.01_1.gr,5,5,0.7,0.7,0.01,0.01,3,3,13,13,3,3,4,4,6,0.0012309551239013672
244,fixed_alphabeta_network_n5_alpha0.7_beta0.01_1.gr,fixed_alphabeta_network_n5_alpha0.7_beta0.01_0.gr,5,5,0.7,0.7,0.01,0.01,3,3,13,13,3,3,4,4,6,0.001367330551147461
245,fixed_alphabeta_network_n5_alpha0.7_beta0.01_1.gr,fixed_alphabeta_network_n5_alpha0.7_beta0.01_1.gr,5,5,0.7,0.7,0.01,0.01,3,3,13,13,3,3,4,4,0,0.0011568069458007812
246,fixed_alphabeta_network_n5_alpha0.7_beta0.01_2.gr,fixed_alphabeta_network_n5_alpha0.7_beta0.01_2.gr,5,5,0.7,0.7,0.01,0.01,5,5,13,13,2,2,5,5,0,0.0010273456573486328
247,fixed_alphabeta_network_n5_alpha0.7_beta0.01_2.gr,fixed_alphabeta_network_n5_alpha0.7_beta0.01_5.gr,5,5,0.7,0.7,0.01,0.01,5,5,13,13,2,2,5,5,0,0.001077413558959961
248,fixed_alphabeta_network_n5_alpha0.7_beta0.01_2.gr,fixed_alphabeta_network_n5_alpha0.7_beta0.01_7.gr,5,5,0.7,0.7,0.01,0.01,5,5,13,13,2,2,5,5,4,0.003996372222900391
249,fixed_alphabeta_network_n5_alpha0.7_beta0.01_2.gr,fixed_alphabeta_network_n5_alpha0.7_beta0.01_9.gr,5,5,0.7,0.7,0.01,0.01,5,5,13,13,2,2,5,5,4,0.004384756088256836
250,fixed_alphabeta_network_n5_alpha0.7_beta0.01_3.gr,fixed_alphabeta_network_n5_alpha0.7_beta0.01_3.gr,5,5,0.7,0.7,0.01,0.01,2,2,13,13,4,4,3,3,0,0.0012738704681396484
251,fixed_alphabeta_network_n5_alpha0.7_beta0.01_3.gr,fixed_alphabeta_network_n5_alpha0.7_beta0.01_6.gr,5,5,0.7,0.7,0.01,0.01,2,3,13,13,4,4,3,3,6,0.0012607574462890625
252,fixed_alphabeta_network_n5_alpha0.7_beta0.01_3.gr,fixed_alphabeta_network_n5_alpha0.7_beta0.01_8.gr,5,5,0.7,0.7,0.01,0.01,2,2,13,13,4,4,3,3,4,0.0011358261108398438
253,fixed_alphabeta_network_n5_alpha0.7_beta0.01_4.gr,fixed_alphabeta_network_n5_alpha0.7_beta0.01_4.gr,5,5,0.7,0.7,0.01,0.01,1,1,13,13,6,6,1,1,0,0.0010607242584228516
254,fixed_alphabeta_network_n5_alpha0.7_beta0.01_5.gr,fixed_alphabeta_network_n5_alpha0.7_beta0.01_2.gr,5,5,0.7,0.7,0.01,0.01,5,5,13,13,2,2,5,5,0,0.0010340213775634766
255,fixed_alphabeta_network_n5_alpha0.7_beta0.01_5.gr,fixed_alphabeta_network_n5_alpha0.7_beta0.01_5.gr,5,5,0.7,0.7,0.01,0.01,5,5,13,13,2,2,5,5,0,0.0009605884552001953
256,fixed_alphabeta_network_n5_alpha0.7_beta0.01_5.gr,fixed_alphabeta_network_n5_alpha0.7_beta0.01_7.gr,5,5,0.7,0.7,0.01,0.01,5,5,13,13,2,2,5,5,4,0.004124164581298828
257,fixed_alphabeta_network_n5_alpha0.7_beta0.01_5.gr,fixed_alphabeta_network_n5_alpha0.7_beta0.01_9.gr,5,5,0.7,0.7,0.01,0.01,5,5,13,13,2,2,5,5,4,0.0045206546783447266
258,fixed_alphabeta_network_n5_alpha0.7_beta0.01_6.gr,fixed_alphabeta_network_n5_alpha0.7_beta0.01_3.gr,5,5,0.7,0.7,0.01,0.01,3,2,13,13,4,4,3,3,6,0.0012221336364746094
259,fixed_alphabeta_network_n5_alpha0.7_beta0.01_6.gr,fixed_alphabeta_network_n5_alpha0.7_beta0.01_6.gr,5,5,0.7,0.7,0.01,0.01,3,3,13,13,4,4,3,3,0,0.0010259151458740234
260,fixed_alphabeta_network_n5_alpha0.7_beta0.01_6.gr,fixed_alphabeta_network_n5_alpha0.7_beta0.01_8.gr,5,5,0.7,0.7,0.01,0.01,3,2,13,13,4,4,3,3,6,0.0009996891021728516
261,fixed_alphabeta_network_n5_alpha0.7_beta0.01_7.gr,fixed_alphabeta_network_n5_alpha0.7_beta0.01_2.gr,5,5,0.7,0.7,0.01,0.01,5,5,13,13,2,2,5,5,4,0.003828763961791992
262,fixed_alphabeta_network_n5_alpha0.7_beta0.01_7.gr,fixed_alphabeta_network_n5_alpha0.7_beta0.01_5.gr,5,5,0.7,0.7,0.01,0.01,5,5,13,13,2,2,5,5,4,0.0055561065673828125
263,fixed_alphabeta_network_n5_alpha0.7_beta0.01_7.gr,fixed_alphabeta_network_n5_alpha0.7_beta0.01_7.gr,5,5,0.7,0.7,0.01,0.01,5,5,13,13,2,2,5,5,0,0.001201629638671875
264,fixed_alphabeta_network_n5_alpha0.7_beta0.01_7.gr,fixed_alphabeta_network_n5_alpha0.7_beta0.01_9.gr,5,5,0.7,0.7,0.01,0.01,5,5,13,13,2,2,5,5,2,0.0015954971313476562
265,fixed_alphabeta_network_n5_alpha0.7_beta0.01_8.gr,fixed_alphabeta_network_n5_alpha0.7_beta0.01_3.gr,5,5,0.7,0.7,0.01,0.01,2,2,13,13,4,4,3,3,4,0.0011916160583496094
266,fixed_alphabeta_network_n5_alpha0.7_beta0.01_8.gr,fixed_alphabeta_network_n5_alpha0.7_beta0.01_6.gr,5,5,0.7,0.7,0.01,0.01,2,3,13,13,4,4,3,3,6,0.0010788440704345703
267,fixed_alphabeta_network_n5_alpha0.7_beta0.01_8.gr,fixed_alphabeta_network_n5_alpha0.7_beta0.01_8.gr,5,5,0.7,0.7,0.01,0.01,2,2,13,13,4,4,3,3,0,0.0010318756103515625
268,fixed_alphabeta_network_n5_alpha0.7_beta0.01_9.gr,fixed_alphabeta_network_n5_alpha0.7_beta0.01_2.gr,5,5,0.7,0.7,0.01,0.01,5,5,13,13,2,2,5,5,4,0.0041103363037109375
269,fixed_alphabeta_network_n5_alpha0.7_beta0.01_9.gr,fixed_alphabeta_network_n5_alpha0.7_beta0.01_5.gr,5,5,0.7,0.7,0.01,0.01,5,5,13,13,2,2,5,5,4,0.005249977111816406
270,fixed_alphabeta_network_n5_alpha0.7_beta0.01_9.gr,fixed_alphabeta_network_n5_alpha0.7_beta0.01_7.gr,5,5,0.7,0.7,0.01,0.01,5,5,13,13,2,2,5,5,2,0.0016624927520751953
271,fixed_alphabeta_network_n5_alpha0.7_beta0.01_9.gr,fixed_alphabeta_network_n5_alpha0.7_beta0.01_9.gr,5,5,0.7,0.7,0.01,0.01,5,5,13,13,2,2,5,5,0,0.001123666763305664
272,fixed_alphabeta_network_n10_alpha0.1_beta1_0.gr,fixed_alphabeta_network_n10_alpha0.1_beta1_0.gr,10,10,0.1,0.1,1,1,2,2,23,23,10,10,2,2,0,0.001127004623413086
273,fixed_alphabeta_network_n10_alpha0.1_beta1_0.gr,fixed_alphabeta_network_n10_alpha0.1_beta1_5.gr,10,10,0.1,0.1,1,1,2,2,23,23,10,10,2,2,18,0.0012280941009521484
274,fixed_alphabeta_network_n10_alpha0.1_beta1_0.gr,fixed_alphabeta_network_n10_alpha0.1_beta1_6.gr,10,10,0.1,0.1,1,1,2,2,23,23,10,10,2,2,14,0.0010538101196289062
275,fixed_alphabeta_network_n10_alpha0.1_beta1_0.gr,fixed_alphabeta_network_n10_alpha0.1_beta1_7.gr,10,10,0.1,0.1,1,1,2,2,23,23,10,10,2,2,19,0.0011515617370605469
276,fixed_alphabeta_network_n10_alpha0.1_beta1_1.gr,fixed_alphabeta_network_n10_alpha0.1_beta1_1.gr,10,10,0.1,0.1,1,1,0,0,23,23,12,12,0,0,0,0.0010404586791992188
277,fixed_alphabeta_network_n10_alpha0.1_beta1_1.gr,fixed_alphabeta_network_n10_alpha0.1_beta1_2.gr,10,10,0.1,0.1,1,1,0,0,23,23,12,12,0,0,12,0.000993490219116211
278,fixed_alphabeta_network_n10_alpha0.1_beta1_1.gr,fixed_alphabeta_network_n10_alpha0.1_beta1_3.gr,10,10,0.1,0.1,1,1,0,0,23,23,12,12,0,0,14,0.0014388561248779297
279,fixed_alphabeta_network_n10_alpha0.1_beta1_1.gr,fixed_alphabeta_network_n10_alpha0.1_beta1_4.gr,10,10,0.1,0.1,1,1,0,0,23,23,12,12,0,0,18,0.0012781620025634766
280,fixed_alphabeta_network_n10_alpha0.1_beta1_2.gr,fixed_alphabeta_network_n10_alpha0.1_beta1_1.gr,10,10,0.1,0.1,1,1,0,0,23,23,12,12,0,0,12,0.0012483596801757812
281,fixed_alphabeta_network_n10_alpha0.1_beta1_2.gr,fixed_alphabeta_network_n10_alpha0.1_beta1_2.gr,10,10,0.1,0.1,1,1,0,0,23,23,12,12,0,0,0,0.0014085769653320312
282,fixed_alphabeta_network_n10_alpha0.1_beta1_2.gr,fixed_alphabeta_network_n10_alpha0.1_beta1_3.gr,10,10,0.1,0.1,1,1,0,0,23,23,12,12,0,0,12,0.0011959075927734375
283,fixed_alphabeta_network_n10_alpha0.1_beta1_2.gr,fixed_alphabeta_network_n10_alpha0.1_beta1_4.gr,10,10,0.1,0.1,1,1,0,0,23,23,12,12,0,0,18,0.0010797977447509766
284,fixed_alphabeta_network_n10_alpha0.1_beta1_3.gr,fixed_alphabeta_network_n10_alpha0.1_beta1_1.gr,10,10,0.1,0.1,1,1,0,0,23,23,12,12,0,0,14,0.0011625289916992188
285,fixed_alphabeta_network_n10_alpha0.1_beta1_3.gr,fixed_alphabeta_network_n10_alpha0.1_beta1_2.gr,10,10,0.1,0.1,1,1,0,0,23,23,12,12,0,0,12,0.0010561943054199219
286,fixed_alphabeta_network_n10_alpha0.1_beta1_3.gr,fixed_alphabeta_network_n10_alpha0.1_beta1_3.gr,10,10,0.1,0.1,1,1,0,0,23,23,12,12,0,0,0,0.0010132789611816406
287,fixed_alphabeta_network_n10_alpha0.1_beta1_3.gr,fixed_alphabeta_network_n10_alpha0.1_beta1_4.gr,10,10,0.1,0.1,1,1,0,0,23,23,12,12,0,0,14,0.0011196136474609375
288,fixed_alphabeta_network_n10_alpha0.1_beta1_4.gr,fixed_alphabeta_network_n10_alpha0.1_beta1_1.gr,10,10,0.1,0.1,1,1,0,0,23,23,12,12,0,0,18,0.0010721683502197266
289,fixed_alphabeta_network_n10_alpha0.1_beta1_4.gr,fixed_alphabeta_network_n10_alpha0.1_beta1_2.gr,10,10,0.1,0.1,1,1,0,0,23,23,12,12,0,0,18,0.001277923583984375
290,fixed_alphabeta_network_n10_alpha0.1_beta1_4.gr,fixed_alphabeta_network_n10_alpha0.1_beta1_3.gr,10,10,0.1,0.1,1,1,0,0,23,23,12,12,0,0,14,0.0013320446014404297
291,fixed_alphabeta_network_n10_alpha0.1_beta1_4.gr,fixed_alphabeta_network_n10_alpha0.1_beta1_4.gr,10,10,0.1,0.1,1,1,0,0,23,23,12,12,0,0,0,0.0012710094451904297
292,fixed_alphabeta_network_n10_alpha0.1_beta1_5.gr,fixed_alphabeta_network_n10_alpha0.1_beta1_0.gr,10,10,0.1,0.1,1,1,2,2,23,23,10,10,2,2,18,0.0013933181762695312
293,fixed_alphabeta_network_n10_alpha0.1_beta1_5.gr,fixed_alphabeta_network_n10_alpha0.1_beta1_5.gr,10,10,0.1,0.1,1,1,2,2,23,23,10,10,2,2,0,0.001195669174194336
294,fixed_alphabeta_network_n10_alpha0.1_beta1_5.gr,fixed_alphabeta_network_n10_alpha0.1_beta1_6.gr,10,10,0.1,0.1,1,1,2,2,23,23,10,10,2,2,16,0.001077413558959961
295,fixed_alphabeta_network_n10_alpha0.1_beta1_5.gr,fixed_alphabeta_network_n10_alpha0.1_beta1_7.gr,10,10,0.1,0.1,1,1,2,2,23,23,10,10,2,2,19,0.0010826587677001953
296,fixed_alphabeta_network_n10_alpha0.1_beta1_6.gr,fixed_alphabeta_network_n10_alpha0.1_beta1_0.gr,10,10,0.1,0.1,1,1,2,2,23,23,10,10,2,2,14,0.001210927963256836
297,fixed_alphabeta_network_n10_alpha0.1_beta1_6.gr,fixed_alphabeta_network_n10_alpha0.1_beta1_5.gr,10,10,0.1,0.1,1,1,2,2,23,23,10,10,2,2,16,0.0010938644409179688
298,fixed_alphabeta_network_n10_alpha0.1_beta1_6.gr,fixed_alphabeta_network_n10_alpha0.1_beta1_6.gr,10,10,0.1,0.1,1,1,2,2,23,23,10,10,2,2,0,0.0011370182037353516
299,fixed_alphabeta_network_n10_alpha0.1_beta1_6.gr,fixed_alphabeta_network_n10_alpha0.1_beta1_7.gr,10,10,0.1,0.1,1,1,2,2,23,23,10,10,2,2,17,0.001055002212524414
300,fixed_alphabeta_network_n10_alpha0.1_beta1_7.gr,fixed_alphabeta_network_n10_alpha0.1_beta1_0.gr,10,10,0.1,0.1,1,1,2,2,23,23,10,10,2,2,19,0.0016524791717529297
301,fixed_alphabeta_network_n10_alpha0.1_beta1_7.gr,fixed_alphabeta_network_n10_alpha0.1_beta1_5.gr,10,10,0.1,0.1,1,1,2,2,23,23,10,10,2,2,19,0.0012917518615722656
302,fixed_alphabeta_network_n10_alpha0.1_beta1_7.gr,fixed_alphabeta_network_n10_alpha0.1_beta1_6.gr,10,10,0.1,0.1,1,1,2,2,23,23,10,10,2,2,17,0.0012323856353759766
303,fixed_alphabeta_network_n10_alpha0.1_beta1_7.gr,fixed_alphabeta_network_n10_alpha0.1_beta1_7.gr,10,10,0.1,0.1,1,1,2,2,23,23,10,10,2,2,0,0.0012753009796142578
304,fixed_alphabeta_network_n10_alpha0.1_beta1_8.gr,fixed_alphabeta_network_n10_alpha0.1_beta1_8.gr,10,10,0.1,0.1,1,1,1,1,23,23,11,11,1,1,0,0.0012669563293457031
305,fixed_alphabeta_network_n10_alpha0.1_beta1_8.gr,fixed_alphabeta_network_n10_alpha0.1_beta1_9.gr,10,10,0.1,0.1,1,1,1,1,23,23,11,11,1,1,19,0.0010848045349121094
306,fixed_alphabeta_network_n10_alpha0.1_beta1_9.gr,fixed_alphabeta_network_n10_alpha0.1_beta1_8.gr,10,10,0.1,0.1,1,1,1,1,23,23,11,11,1,1,19,0.0011439323425292969
307,fixed_alphabeta_network_n10_alpha0.1_beta1_9.gr,fixed_alphabeta_network_n10_alpha0.1_beta1_9.gr,10,10,0.1,0.1,1,1,1,1,23,23,11,11,1,1,0,0.0010421276092529297
308,fixed_alphabeta_network_n10_alpha0.4_beta0.05_0.gr,fixed_alphabeta_network_n10_alpha0.4_beta0.05_0.gr,10,10,0.4,0.4,0.05,0.05,4,4,23,23,8,8,4,4,0,0.0010197162628173828
309,fixed_alphabeta_network_n10_alpha0.4_beta0.05_0.gr,fixed_alphabeta_network_n10_alpha0.4_beta0.05_1.gr,10,10,0.4,0.4,0.05,0.05,4,2,23,23,8,8,4,4,18,0.0011169910430908203
310,fixed_alphabeta_network_n10_alpha0.4_beta0.05_0.gr,fixed_alphabeta_network_n10_alpha0.4_beta0.05_3.gr,10,10,0.4,0.4,0.05,0.05,4,4,23,23,8,8,4,4,20,0.0010459423065185547
311,fixed_alphabeta_network_n10_alpha0.4_beta0.05_0.gr,fixed_alphabeta_network_n10_alpha0.4_beta0.05_4.gr,10,10,0.4,0.4,0.05,0.05,4,4,23,23,8,8,4,4,16,0.0013005733489990234
312,fixed_alphabeta_network_n10_alpha0.4_beta0.05_0.gr,fixed_alphabeta_network_n10_alpha0.4_beta0.05_7.gr,10,10,0.4,0.4,0.05,0.05,4,3,23,23,8,8,4,4,18,0.0012960433959960938
313,fixed_alphabeta_network_n10_alpha0.4_beta0.05_0.gr,fixed_alphabeta_network_n10_alpha0.4_beta0.05_8.gr,10,10,0.4,0.4,0.05,0.05,4,2,23,23,8,8,4,4,10,0.0012750625610351562
314,fixed_alphabeta_network_n10_alpha0.4_beta0.05_1.gr,fixed_alphabeta_network_n10_alpha0.4_beta0.05_0.gr,10,10,0.4,0.4,0.05,0.05,2,4,23,23,8,8,4,4,18,0.0013310909271240234
315,fixed_alphabeta_network_n10_alpha0.4_beta0.05_1.gr,fixed_alphabeta_network_n10_alpha0.4_beta0.05_1.gr,10,10,0.4,0.4,0.05,0.05,2,2,23,23,8,8,4,4,0,0.0012278556823730469
316,fixed_alphabeta_network_n10_alpha0.4_beta0.05_1.gr,fixed_alphabeta_network_n10_alpha0.4_beta0.05_3.gr,10,10,0.4,0.4,0.05,0.05,2,4,23,23,8,8,4,4,14,0.0010936260223388672
317,fixed_alphabeta_network_n10_alpha0.4_beta0.05_1.gr,fixed_alphabeta_network_n10_alpha0.4_beta0.05_4.gr,10,10,0.4,0.4,0.05,0.05,2,4,23,23,8,8,4,4,6,0.0010633468627929688
318,fixed_alphabeta_network_n10_alpha0.4_beta0.05_1.gr,fixed_alphabeta_network_n10_alpha0.4_beta0.05_7.gr,10,10,0.4,0.4,0.05,0.05,2,3,23,23,8,8,4,4,16,0.0010693073272705078
319,fixed_alphabeta_network_n10_alpha0.4_beta0.05_1.gr,fixed_alphabeta_network_n10_alpha0.4_beta0.05_8.gr,10,10,0.4,0.4,0.05,0.05,2,2,23,23,8,8,4,4,16,0.0010297298431396484
320,fixed_alphabeta_network_n10_alpha0.4_beta0.05_2.gr,fixed_alphabeta_network_n10_alpha0.4_beta0.05_2.gr,10,10,0.4,0.4,0.05,0.05,4,4,23,23,7,7,5,5,0,0.0010161399841308594
321,fixed_alphabeta_network_n10_alpha0.4_beta0.05_2.gr,fixed_alphabeta_network_n10_alpha0.4_beta0.05_9.gr,10,10,0.4,0.4,0.05,0.05,4,2,23,23,7,7,5,5,18,0.001026153564453125
322,fixed_alphabeta_network_n10_alpha0.4_beta0.05_3.gr,fixed_alphabeta_network_n10_alpha0.4_beta0.05_0.gr,10,10,0.4,0.4,0.05,0.05,4,4,23,23,8,8,4,4,20,0.0013895034790039062
323,fixed_alphabeta_network_n10_alpha0.4_beta0.05_3.gr,fixed_alphabeta_network_n10_alpha0.4_beta0.05_1.gr,10,10,0.4,0.4,0.05,0.05,4,2,23,23,8,8,4,4,14,0.0012891292572021484
324,fixed_alphabeta_network_n10_alpha0.4_beta0.05_3.gr,fixed_alphabeta_network_n10_alpha0.4_beta0.05_3.gr,10,10,0.4,0.4,0.05,0.05,4,4,23,23,8,8,4,4,0,0.0012705326080322266
325,fixed_alphabeta_network_n10_alpha0.4_beta0.05_3.gr,fixed_alphabeta_network_n10_alpha0.4_beta0.05_4.gr,10,10,0.4,0.4,0.05,0.05,4,4,23,23,8,8,4,4,14,0.0013082027435302734
326,fixed_alphabeta_network_n10_alpha0.4_beta0.05_3.gr,fixed_alphabeta_network_n10_alpha0.4_beta0.05_7.gr,10,10,0.4,0.4,0.05,0.05,4,3,23,23,8,8,4,4,18,0.0011458396911621094
327,fixed_alphabeta_network_n10_alpha0.4_beta0.05_3.gr,fixed_alphabeta_network_n10_alpha0.4_beta0.05_8.gr,10,10,0.4,0.4,0.05,0.05,4,2,23,23,8,8,4,4,20,0.0011708736419677734
328,fixed_alphabeta_network_n10_alpha0.4_beta0.05_4.gr,fixed_alphabeta_network_n10_alpha0.4_beta0.05_0.gr,10,10,0.4,0.4,0.05,0.05,4,4,23,23,8,8,4,4,16,0.0012621879577636719
329,fixed_alphabeta_network_n10_alpha0.4_beta0.05_4.gr,fixed_alphabeta_network_n10_alpha0.4_beta0.05_1.gr,10,10,0.4,0.4,0.05,0.05,4,2,23,23,8,8,4,4,6,0.001073598861694336
330,fixed_alphabeta_network_n10_alpha0.4_beta0.05_4.gr,fixed_alphabeta_network_n10_alpha0.4_beta0.05_3.gr,10,10,0.4,0.4,0.05,0.05,4,4,23,23,8,8,4,4,14,0.001035451889038086
331,fixed_alphabeta_network_n10_alpha0.4_beta0.05_4.gr,fixed_alphabeta_network_n10_alpha0.4_beta0.05_4.gr,10,10,0.4,0.4,0.05,0.05,4,4,23,23,8,8,4,4,0,0.0010890960693359375
332,fixed_alphabeta_network_n10_alpha0.4_beta0.05_4.gr,fixed_alphabeta_network_n10_alpha0.4_beta0.05_7.gr,10,10,0.4,0.4,0.05,0.05,4,3,23,23,8,8,4,4,16,0.001033782958984375
333,fixed_alphabeta_network_n10_alpha0.4_beta0.05_4.gr,fixed_alphabeta_network_n10_alpha0.4_beta0.05_8.gr,10,10,0.4,0.4,0.05,0.05,4,2,23,23,8,8,4,4,14,0.0016732215881347656
334,fixed_alphabeta_network_n10_alpha0.4_beta0.05_5.gr,fixed_alphabeta_network_n10_alpha0.4_beta0.05_5.gr,10,10,0.4,0.4,0.05,0.05,1,1,23,23,11,11,1,1,0,0.0013577938079833984
335,fixed_alphabeta_network_n10_alpha0.4_beta0.05_6.gr,fixed_alphabeta_network_n10_alpha0.4_beta0.05_6.gr,10,10,0.4,0.4,0.05,0.05,1,1,23,23,9,9,3,3,0,0.0012209415435791016
336,fixed_alphabeta_network_n10_alpha0.4_beta0.05_7.gr,fixed_alphabeta_network_n10_alpha0.4_beta0.05_0.gr,10,10,0.4,0.4,0.05,0.05,3,4,23,23,8,8,4,4,18,0.0013623237609863281
337,fixed_alphabeta_network_n10_alpha0.4_beta0.05_7.gr,fixed_alphabeta_network_n10_alpha0.4_beta0.05_1.gr,10,10,0.4,0.4,0.05,0.05,3,2,23,23,8,8,4,4,16,0.0011200904846191406
338,fixed_alphabeta_network_n10_alpha0.4_beta0.05_7.gr,fixed_alphabeta_network_n10_alpha0.4_beta0.05_3.gr,10,10,0.4,0.4,0.05,0.05,3,4,23,23,8,8,4,4,18,0.0010883808135986328
339,fixed_alphabeta_network_n10_alpha0.4_beta0.05_7.gr,fixed_alphabeta_network_n10_alpha0.4_beta0.05_4.gr,10,10,0.4,0.4,0.05,0.05,3,4,23,23,8,8,4,4,16,0.0011544227600097656
340,fixed_alphabeta_network_n10_alpha0.4_beta0.05_7.gr,fixed_alphabeta_network_n10_alpha0.4_beta0.05_7.gr,10,10,0.4,0.4,0.05,0.05,3,3,23,23,8,8,4,4,0,0.0010595321655273438
341,fixed_alphabeta_network_n10_alpha0.4_beta0.05_7.gr,fixed_alphabeta_network_n10_alpha0.4_beta0.05_8.gr,10,10,0.4,0.4,0.05,0.05,3,2,23,23,8,8,4,4,18,0.0010383129119873047
342,fixed_alphabeta_network_n10_alpha0.4_beta0.05_8.gr,fixed_alphabeta_network_n10_alpha0.4_beta0.05_0.gr,10,10,0.4,0.4,0.05,0.05,2,4,23,23,8,8,4,4,10,0.0010488033294677734
343,fixed_alphabeta_network_n10_alpha0.4_beta0.05_8.gr,fixed_alphabeta_network_n10_alpha0.4_beta0.05_1.gr,10,10,0.4,0.4,0.05,0.05,2,2,23,23,8,8,4,4,16,0.0010302066802978516
344,fixed_alphabeta_network_n10_alpha0.4_beta0.05_8.gr,fixed_alphabeta_network_n10_alpha0.4_beta0.05_3.gr,10,10,0.4,0.4,0.05,0.05,2,4,23,23,8,8,4,4,20,0.0014390945434570312
345,fixed_alphabeta_network_n10_alpha0.4_beta0.05_8.gr,fixed_alphabeta_network_n10_alpha0.4_beta0.05_4.gr,10,10,0.4,0.4,0.05,0.05,2,4,23,23,8,8,4,4,14,0.0012929439544677734
346,fixed_alphabeta_network_n10_alpha0.4_beta0.05_8.gr,fixed_alphabeta_network_n10_alpha0.4_beta0.05_7.gr,10,10,0.4,0.4,0.05,0.05,2,3,23,23,8,8,4,4,18,0.0012161731719970703
347,fixed_alphabeta_network_n10_alpha0.4_beta0.05_8.gr,fixed_alphabeta_network_n10_alpha0.4_beta0.05_8.gr,10,10,0.4,0.4,0.05,0.05,2,2,23,23,8,8,4,4,0,0.0013265609741210938
348,fixed_alphabeta_network_n10_alpha0.4_beta0.05_9.gr,fixed_alphabeta_network_n10_alpha0.4_beta0.05_2.gr,10,10,0.4,0.4,0.05,0.05,2,4,23,23,7,7,5,5,18,0.0011887550354003906
349,fixed_alphabeta_network_n10_alpha0.4_beta0.05_9.gr,fixed_alphabeta_network_n10_alpha0.4_beta0.05_9.gr,10,10,0.4,0.4,0.05,0.05,2,2,23,23,7,7,5,5,0,0.0011332035064697266
350,fixed_alphabeta_network_n10_alpha0.7_beta0.01_0.gr,fixed_alphabeta_network_n10_alpha0.7_beta0.01_0.gr,10,10,0.7,0.7,0.01,0.01,2,2,23,23,6,6,6,6,0,0.0011518001556396484
351,fixed_alphabeta_network_n10_alpha0.7_beta0.01_0.gr,fixed_alphabeta_network_n10_alpha0.7_beta0.01_3.gr,10,10,0.7,0.7,0.01,0.01,2,4,23,23,6,6,6,6,6,0.002015829086303711
352,fixed_alphabeta_network_n10_alpha0.7_beta0.01_0.gr,fixed_alphabeta_network_n10_alpha0.7_beta0.01_6.gr,10,10,0.7,0.7,0.01,0.01,2,3,23,23,6,6,6,6,13,0.0012407302856445312
353,fixed_alphabeta_network_n10_alpha0.7_beta0.01_0.gr,fixed_alphabeta_network_n10_alpha0.7_beta0.01_7.gr,10,10,0.7,0.7,0.01,0.01,2,4,23,23,6,6,6,6,19,0.0013320446014404297
354,fixed_alphabeta_network_n10_alpha0.7_beta0.01_1.gr,fixed_alphabeta_network_n10_alpha0.7_beta0.01_1.gr,10,10,0.7,0.7,0.01,0.01,7,7,23,23,3,3,9,9,0,0.001295328140258789
355,fixed_alphabeta_network_n10_alpha0.7_beta0.01_1.gr,fixed_alphabeta_network_n10_alpha0.7_beta0.01_2.gr,10,10,0.7,0.7,0.01,0.01,7,6,23,23,3,3,9,9,8,0.06288981437683105
356,fixed_alphabeta_network_n10_alpha0.7_beta0.01_2.gr,fixed_alphabeta_network_n10_alpha0.7_beta0.01_1.gr,10,10,0.7,0.7,0.01,0.01,6,7,23,23,3,3,9,9,8,0.06554961204528809
357,fixed_alphabeta_network_n10_alpha0.7_beta0.01_2.gr,fixed_alphabeta_network_n10_alpha0.7_beta0.01_2.gr,10,10,0.7,0.7,0.01,0.01,6,6,23,23,3,3,9,9,0,0.0013551712036132812
358,fixed_alphabeta_network_n10_alpha0.7_beta0.01_3.gr,fixed_alphabeta_network_n10_alpha0.7_beta0.01_0.gr,10,10,0.7,0.7,0.01,0.01,4,2,23,23,6,6,6,6,6,0.001527547836303711
359,fixed_alphabeta_network_n10_alpha0.7_beta0.01_3.gr,fixed_alphabeta_network_n10_alpha0.7_beta0.01_3.gr,10,10,0.7,0.7,0.01,0.01,4,4,23,23,6,6,6,6,0,0.0017070770263671875
360,fixed_alphabeta_network_n10_alpha0.7_beta0.01_3.gr,fixed_alphabeta_network_n10_alpha0.7_beta0.01_6.gr,10,10,0.7,0.7,0.01,0.01,4,3,23,23,6,6,6,6,12,0.0013570785522460938
361,fixed_alphabeta_network_n10_alpha0.7_beta0.01_3.gr,fixed_alphabeta_network_n10_alpha0.7_beta0.01_7.gr,10,10,0.7,0.7,0.01,0.01,4,4,23,23,6,6,6,6,18,0.0013089179992675781
362,fixed_alphabeta_network_n10_alpha0.7_beta0.01_4.gr,fixed_alphabeta_network_n10_alpha0.7_beta0.01_4.gr,10,10,0.7,0.7,0.01,0.01,10,10,23,23,2,2,10,10,0,0.0014395713806152344
363,fixed_alphabeta_network_n10_alpha0.7_beta0.01_5.gr,fixed_alphabeta_network_n10_alpha0.7_beta0.01_5.gr,10,10,0.7,0.7,0.01,0.01,4,4,23,23,7,7,5,5,0,0.0011134147644042969
364,fixed_alphabeta_network_n10_alpha0.7_beta0.01_6.gr,fixed_alphabeta_network_n10_alpha0.7_beta0.01_0.gr,10,10,0.7,0.7,0.01,0.01,3,2,23,23,6,6,6,6,13,0.001047372817993164
365,fixed_alphabeta_network_n10_alpha0.7_beta0.01_6.gr,fixed_alphabeta_network_n10_alpha0.7_beta0.01_3.gr,10,10,0.7,0.7,0.01,0.01,3,4,23,23,6,6,6,6,12,0.0010361671447753906
366,fixed_alphabeta_network_n10_alpha0.7_beta0.01_6.gr,fixed_alphabeta_network_n10_alpha0.7_beta0.01_6.gr,10,10,0.7,0.7,0.01,0.01,3,3,23,23,6,6,6,6,0,0.0009644031524658203
367,fixed_alphabeta_network_n10_alpha0.7_beta0.01_6.gr,fixed_alphabeta_network_n10_alpha0.7_beta0.01_7.gr,10,10,0.7,0.7,0.01,0.01,3,4,23,23,6,6,6,6,21,0.0012080669403076172
368,fixed_alphabeta_network_n10_alpha0.7_beta0.01_7.gr,fixed_alphabeta_network_n10_alpha0.7_beta0.01_0.gr,10,10,0.7,0.7,0.01,0.01,4,2,23,23,6,6,6,6,19,0.0012023448944091797
369,fixed_alphabeta_network_n10_alpha0.7_beta0.01_7.gr,fixed_alphabeta_network_n10_alpha0.7_beta0.01_3.gr,10,10,0.7,0.7,0.01,0.01,4,4,23,23,6,6,6,6,18,0.0010821819305419922
370,fixed_alphabeta_network_n10_alpha0.7_beta0.01_7.gr,fixed_alphabeta_network_n10_alpha0.7_beta0.01_6.gr,10,10,0.7,0.7,0.01,0.01,4,3,23,23,6,6,6,6,21,0.0010290145874023438
371,fixed_alphabeta_network_n10_alpha0.7_beta0.01_7.gr,fixed_alphabeta_network_n10_alpha0.7_beta0.01_7.gr,10,10,0.7,0.7,0.01,0.01,4,4,23,23,6,6,6,6,0,0.0011072158813476562
372,fixed_alphabeta_network_n10_alpha0.7_beta0.01_8.gr,fixed_alphabeta_network_n10_alpha0.7_beta0.01_8.gr,10,10,0.7,0.7,0.01,0.01,7,7,23,23,4,4,8,8,0,0.0011396408081054688
373,fixed_alphabeta_network_n10_alpha0.7_beta0.01_9.gr,fixed_alphabeta_network_n10_alpha0.7_beta0.01_9.gr,10,10,0.7,0.7,0.01,0.01,4,4,23,23,5,5,7,7,0,0.001119375228881836
